dataset_index,episode_index,frame_index,target_gripper,predicted_gripper,target_is_close,predicted_is_close,target_delta_x,target_delta_y,target_delta_z,predicted_delta_x,predicted_delta_y,predicted_delta_z
0,0,0,1.0,0.9986533522605896,0,0,0.0,0.0,0.0,-0.0014632848324254155,0.0021220152266323566,-0.048137180507183075
1,0,1,1.0,0.9986944198608398,0,0,0.0,0.0,0.0,-0.0014509129105135798,0.002025510184466839,-0.047245293855667114
2,0,2,1.0,0.9977930784225464,0,0,0.0,0.0,0.0,-0.001513626310043037,0.0020241187885403633,-0.046882372349500656
3,0,3,1.0,0.9977973699569702,0,0,0.0,0.0,0.0,-0.0015063908649608493,0.0020245329942554235,-0.046839065849781036
4,0,4,1.0,0.997999906539917,0,0,0.0,0.0,0.0,-0.0017109260661527514,0.0019029673421755433,-0.0452767089009285
5,0,5,1.0,0.9979983568191528,0,0,0.0,0.0,0.0,-0.0017098538810387254,0.0019028078531846404,-0.04526011645793915
6,0,6,1.0,0.9982689619064331,0,0,0.0,0.0,0.0,-0.0015673103043809533,0.001925584045238793,-0.044237200170755386
7,0,7,1.0,0.9982682466506958,0,0,0.0,0.0,0.0,-0.0015672511653974652,0.0019254861399531364,-0.044232022017240524
8,0,8,1.0,0.998473048210144,0,0,0.0,0.0,0.0,-0.001734827528707683,0.0019043587381020188,-0.044294826686382294
9,0,9,1.0,0.9984728097915649,0,0,0.0,0.0,0.0,-0.0017348163528367877,0.0019043139182031155,-0.044293247163295746
10,0,10,1.0,0.9983159303665161,0,0,0.0,0.0,0.0,-0.0017027779249474406,0.0017969413893297315,-0.04417097195982933
11,0,11,1.0,0.9983159303665161,0,0,0.0,0.0,0.0,-0.0017027977155521512,0.0017968937754631042,-0.04417053237557411
12,0,12,1.0,0.9983158111572266,0,0,0.0,0.0,0.0,-0.0017028249567374587,0.001796899363398552,-0.04417039826512337
13,0,13,1.0,0.9983158111572266,0,0,0.0,0.0,0.0,-0.0017028165748342872,0.0017969021573662758,-0.044170282781124115
14,0,14,1.0,0.9983157515525818,0,0,0.0,0.0,0.0,-0.001702814712189138,0.0017968853935599327,-0.04417019337415695
15,0,15,1.0,0.9983157515525818,0,0,0.0,0.0,0.0,-0.001702801906503737,0.001796896569430828,-0.044170133769512177
16,0,16,1.0,0.9983157515525818,0,0,0.0,0.0,0.0,-0.0017028198344632983,0.0017968881875276566,-0.04417010396718979
17,0,17,1.0,0.9983157515525818,0,0,0.0,0.0,0.0,-0.0017028182046487927,0.001796896569430828,-0.0441700704395771
18,0,18,1.0,0.9983157515525818,0,0,0.0,0.0,0.0,-0.0017028242582455277,0.0017968770116567612,-0.04417015612125397
19,0,19,1.0,0.9983157515525818,0,0,0.0,0.0,0.0,-0.001702839625068009,0.001796879805624485,-0.04417014867067337
20,0,20,1.0,0.9983157515525818,0,0,0.0,0.0,0.0,-0.0017028319416567683,0.0017968825995922089,-0.04417014122009277
21,0,21,1.0,0.9983157515525818,0,0,0.0,0.0,0.0,-0.0017028121510520577,0.0017968714237213135,-0.044170085340738297
22,0,22,1.0,0.9983157515525818,0,0,0.0,0.0,0.0,-0.0017028198344632983,0.0017969105392694473,-0.0441700778901577
23,0,23,1.0,0.9983158111572266,0,0,0.0,0.0,0.0,-0.0017028002766892314,0.0017968770116567612,-0.04417009651660919
24,0,24,1.0,0.9986863732337952,0,0,0.0,0.0,0.0,-0.001734336488880217,0.0018447614274919033,-0.04321620613336563
25,0,25,1.0,0.9986863732337952,0,0,0.0,0.0,0.0,-0.0017343390500172973,0.0018447530455887318,-0.04321617633104324
26,0,26,1.0,0.9997946619987488,0,0,0.0,0.0,-1.0,-0.0015322359977290034,0.001986054703593254,-0.0464506521821022
27,0,27,1.0,1.0021291971206665,0,0,0.0,0.0,-1.0,-0.0015373845817521214,0.0018231665017083287,-0.04470880329608917
28,0,28,1.0,1.0035243034362793,0,0,0.0,0.0,-1.0,-0.0026806164532899857,0.001541623962111771,-0.04530588537454605
29,0,29,1.0,1.007188081741333,0,0,0.0,0.0,-1.0,-0.0029363571666181087,0.0015538099687546492,-0.05220690369606018
30,0,30,1.0,1.0077024698257446,0,0,0.0,0.0,-1.0,-0.0025126938708126545,0.002575910883024335,-0.02556888945400715
31,0,31,1.0,1.0066369771957397,0,0,0.0,0.0,-1.0,-0.002490272279828787,0.0016099862987175584,-0.033525411039590836
32,0,32,1.0,1.0062100887298584,0,0,0.0,0.0,0.0,-0.0031475136056542397,0.0022414028644561768,-0.03154773637652397
33,0,33,1.0,1.006557583808899,0,0,0.0,0.0,0.0,-0.003145824186503887,0.0023592342622578144,-0.030336176976561546
34,0,34,1.0,1.0062057971954346,0,0,0.0,0.0,0.0,-0.002997945062816143,0.0026258586440235376,-0.027024034410715103
35,0,35,1.0,1.006200909614563,0,0,0.0,0.0,0.0,-0.0029957029037177563,0.002623599488288164,-0.026979608461260796
36,0,36,1.0,1.0071221590042114,0,0,0.0,0.0,0.0,-0.002879320178180933,0.0023736765142530203,-0.025245700031518936
37,0,37,1.0,1.0071216821670532,0,0,0.0,0.0,0.0,-0.0028791623190045357,0.002373508643358946,-0.025242865085601807
38,0,38,2.0,1.0083026885986328,1,0,0.0,0.0,0.0,-0.003096562810242176,0.002394694834947586,-0.021687811240553856
39,0,39,2.0,1.009879231452942,1,0,0.0,0.0,0.0,-0.0014933765633031726,0.0008944912697188556,0.0415695495903492
40,0,40,2.0,1.006734848022461,1,0,0.0,0.0,0.0,-0.002111461479216814,0.001242968486621976,0.09060211479663849
41,0,41,2.0,1.007439136505127,1,0,0.0,0.0,0.0,-0.002643160056322813,0.0004517793422564864,0.36575743556022644
42,0,42,2.0,1.0022473335266113,1,0,0.0,0.0,0.0,-0.006462626159191132,0.0006794158834964037,0.889397144317627
43,0,43,2.0,1.0021629333496094,1,0,0.0,0.0,0.0,-0.007631288841366768,-0.00038636481622233987,0.9878786206245422
44,0,44,1.0,1.004103422164917,0,0,0.0,0.0,0.0,-0.008401925675570965,0.0008078066166490316,1.035757064819336
45,0,45,1.0,1.0035332441329956,0,0,0.0,0.0,0.0,-0.007901270873844624,0.0006781000993214548,1.032638669013977
46,0,46,1.0,1.0005152225494385,0,0,0.0,0.0,0.0,-0.00675338227301836,0.0004204619908705354,1.021050214767456
47,0,47,1.0,0.9949520826339722,0,0,0.0,0.0,0.0,-0.008729876950383186,-0.0004574958002194762,1.0651806592941284
48,0,48,1.0,0.9997013211250305,0,0,0.0,0.0,0.0,-0.00939145777374506,-0.00036732861190102994,1.0735825300216675
49,0,49,1.0,1.00197172164917,0,0,0.0,0.0,0.0,-0.008516133762896061,-0.0004536325577646494,1.051315426826477
50,0,50,1.0,1.0002504587173462,0,0,0.0,0.0,0.0,-0.009283102117478848,0.000545983319170773,1.0662468671798706
51,0,51,1.0,1.000575304031372,0,0,0.0,0.0,1.0,-0.010248000733554363,0.00030420682742260396,1.0706977844238281
52,0,52,1.0,0.9965863823890686,0,0,0.0,0.0,1.0,-0.009878686629235744,-0.00019641435937955976,1.0943306684494019
53,0,53,1.0,0.9938941597938538,0,0,0.0,0.0,1.0,-0.011089527048170567,-0.00074384780600667,1.0883032083511353
54,0,54,1.0,1.0066782236099243,0,0,0.0,0.0,1.0,-0.007769457064568996,0.0008487680461257696,1.0618312358856201
55,0,55,1.0,1.0008090734481812,0,0,0.0,0.0,1.0,-0.006468723528087139,0.0019062511855736375,1.0612092018127441
56,0,56,1.0,1.0040422677993774,0,0,0.0,0.0,1.0,-0.004424057435244322,0.002275696024298668,1.049113154411316
57,1,0,1.0,0.9986533522605896,0,0,0.0,0.0,0.0,-0.0014632848324254155,0.0021220152266323566,-0.048137180507183075
58,1,1,1.0,0.9986944198608398,0,0,0.0,0.0,0.0,-0.0014509129105135798,0.002025510184466839,-0.047245293855667114
59,1,2,1.0,0.9977930784225464,0,0,0.0,0.0,0.0,-0.001513626310043037,0.0020241187885403633,-0.046882372349500656
60,1,3,1.0,0.9977973699569702,0,0,0.0,0.0,0.0,-0.0015063908649608493,0.0020245329942554235,-0.046839065849781036
61,1,4,1.0,0.997999906539917,0,0,0.0,0.0,0.0,-0.0017109260661527514,0.0019029673421755433,-0.0452767089009285
62,1,5,1.0,0.9979983568191528,0,0,0.0,0.0,0.0,-0.0017098538810387254,0.0019028078531846404,-0.04526011645793915
63,1,6,1.0,0.9982689619064331,0,0,0.0,0.0,0.0,-0.0015673103043809533,0.001925584045238793,-0.044237200170755386
64,1,7,1.0,0.9982682466506958,0,0,0.0,0.0,0.0,-0.0015672511653974652,0.0019254861399531364,-0.044232022017240524
65,1,8,1.0,0.998473048210144,0,0,0.0,0.0,0.0,-0.001734827528707683,0.0019043587381020188,-0.044294826686382294
66,1,9,1.0,0.9984728097915649,0,0,0.0,0.0,0.0,-0.0017348163528367877,0.0019043139182031155,-0.044293247163295746
67,1,10,1.0,0.9983159303665161,0,0,0.0,0.0,0.0,-0.0017027779249474406,0.0017969413893297315,-0.04417097195982933
68,1,11,1.0,0.9983159303665161,0,0,0.0,0.0,0.0,-0.0017027977155521512,0.0017968937754631042,-0.04417053237557411
69,1,12,1.0,0.9983158111572266,0,0,0.0,0.0,0.0,-0.0017028249567374587,0.001796899363398552,-0.04417039826512337
70,1,13,1.0,0.9983158111572266,0,0,0.0,0.0,0.0,-0.0017028165748342872,0.0017969021573662758,-0.044170282781124115
71,1,14,1.0,0.9983157515525818,0,0,0.0,0.0,0.0,-0.001702814712189138,0.0017968853935599327,-0.04417019337415695
72,1,15,1.0,0.9983157515525818,0,0,0.0,0.0,0.0,-0.001702801906503737,0.001796896569430828,-0.044170133769512177
73,1,16,1.0,0.9983157515525818,0,0,0.0,0.0,0.0,-0.0017028198344632983,0.0017968881875276566,-0.04417010396718979
74,1,17,1.0,0.9983157515525818,0,0,0.0,0.0,0.0,-0.0017028182046487927,0.001796896569430828,-0.0441700704395771
75,1,18,1.0,0.9983157515525818,0,0,0.0,0.0,0.0,-0.0017028242582455277,0.0017968770116567612,-0.04417015612125397
76,1,19,1.0,0.9983157515525818,0,0,0.0,0.0,0.0,-0.001702839625068009,0.001796879805624485,-0.04417014867067337
77,1,20,1.0,0.9994902610778809,0,0,1.0,0.0,0.0,-0.0017627821071073413,0.0017889406299218535,-0.04591624438762665
78,1,21,1.0,1.0025646686553955,0,0,0.0,0.0,0.0,-0.0019170033046975732,0.0017001703381538391,-0.04713456332683563
79,1,22,1.0,1.0020672082901,0,0,0.0,0.0,0.0,-0.0023811329156160355,0.0025264504365622997,-0.050440043210983276
80,1,23,1.0,1.0011240243911743,0,0,0.0,0.0,0.0,-0.001930893282406032,0.0019854081328958273,-0.05473483353853226
81,1,24,1.0,1.0021721124649048,0,0,0.0,0.0,0.0,-0.001864972640760243,0.0020025295671075583,-0.05121568590402603
82,1,25,1.0,1.0019876956939697,0,0,0.0,0.0,0.0,-0.0018596689915284514,0.0020903702825307846,-0.051027752459049225
83,1,26,1.0,1.001582145690918,0,0,0.0,0.0,0.0,-0.002123586367815733,0.0018689122516661882,-0.05043594911694527
84,1,27,1.0,1.001578688621521,0,0,0.0,0.0,0.0,-0.0021254797466099262,0.0018688254058361053,-0.05045842006802559
85,1,28,1.0,1.0019832849502563,0,0,0.0,0.0,0.0,-0.002055882941931486,0.002008019248023629,-0.050977692008018494
86,1,29,1.0,1.001983880996704,0,0,0.0,0.0,0.0,-0.0020562061108648777,0.0020081563852727413,-0.05098751187324524
87,1,30,1.0,1.0020008087158203,0,0,0.0,0.0,0.0,-0.0021374435164034367,0.0020869551226496696,-0.05133310332894325
88,1,31,1.0,1.002001166343689,0,0,0.0,0.0,0.0,-0.0021374933421611786,0.0020870473235845566,-0.05133650079369545
89,1,32,1.0,1.002089262008667,0,0,0.0,0.0,0.0,-0.0022138128988444805,0.0021142971236258745,-0.05184490233659744
90,1,33,1.0,1.0020893812179565,0,0,0.0,0.0,0.0,-0.002213813830167055,0.0021143420599400997,-0.05184592679142952
91,1,34,1.0,1.0020406246185303,0,0,-1.0,0.0,0.0,-0.0019413119880482554,0.0026662489399313927,-0.05309443920850754
92,1,35,1.0,1.0022742748260498,0,0,0.0,0.0,0.0,-0.0021418738178908825,0.0019089498091489077,-0.040210139006376266
93,1,36,1.0,1.0001050233840942,0,0,0.0,0.0,0.0,-0.0024418323300778866,0.0016089477576315403,-0.04716293886303902
94,1,37,1.0,1.0005888938903809,0,0,0.0,0.0,0.0,-0.0021477676928043365,0.0018166074296459556,-0.04516778141260147
95,1,38,1.0,0.9983817338943481,0,0,0.0,0.0,0.0,-0.001428931369446218,0.0018341878894716501,-0.04582475498318672
96,1,39,1.0,0.9986941814422607,0,0,0.0,0.0,0.0,-0.0014012922765687108,0.0019000672036781907,-0.04567907378077507
97,1,40,1.0,0.9986620545387268,0,0,0.0,0.0,0.0,-0.0015234999591484666,0.001941078924573958,-0.044778671115636826
98,1,41,1.0,0.9986616373062134,0,0,0.0,0.0,0.0,-0.0015235968166962266,0.0019395784474909306,-0.04475158452987671
99,1,42,1.0,0.9981151819229126,0,0,0.0,0.0,0.0,-0.001448108465410769,0.0019275241065770388,-0.043121080845594406
100,1,43,1.0,0.9981144070625305,0,0,0.0,0.0,0.0,-0.001448373426683247,0.0019272161880508065,-0.04311083257198334
101,1,44,1.0,1.0004264116287231,0,0,0.0,0.0,-1.0,-0.0015578166348859668,0.0019017747836187482,-0.04335847496986389
102,1,45,1.0,1.0029596090316772,0,0,0.0,0.0,-1.0,-0.0012528510997071862,0.0020664632320404053,-0.03866412118077278
103,1,46,1.0,1.0044374465942383,0,0,0.0,0.0,-1.0,-0.002680070698261261,0.0015476931584998965,-0.04393910989165306
104,1,47,1.0,1.0070602893829346,0,0,0.0,0.0,-1.0,-0.003226055298000574,0.0017616627737879753,-0.04962299391627312
105,1,48,1.0,1.0066039562225342,0,0,0.0,0.0,-1.0,-0.0024387123994529247,0.002484915079548955,-0.024330560117959976
106,1,49,1.0,1.0054947137832642,0,0,0.0,0.0,-1.0,-0.003490686882287264,0.0014640346635133028,-0.026992246508598328
107,1,50,1.0,1.0059764385223389,0,0,0.0,0.0,-1.0,-0.0032498780637979507,0.002218167530372739,-0.029885582625865936
108,1,51,1.0,1.0066837072372437,0,0,0.0,0.0,-1.0,-0.003275942523032427,0.0023330789990723133,-0.028481965884566307
109,1,52,1.0,1.0064231157302856,0,0,0.0,0.0,0.0,-0.0028424090705811977,0.002752922475337982,-0.024045107886195183
110,1,53,1.0,1.006419062614441,0,0,0.0,0.0,0.0,-0.0028403582982718945,0.0027510495856404305,-0.024004178121685982
111,1,54,1.0,1.0077532529830933,0,0,0.0,0.0,0.0,-0.0028398167341947556,0.002391648944467306,-0.023557109758257866
112,1,55,1.0,1.007752776145935,0,0,0.0,0.0,0.0,-0.0028396854177117348,0.00239150901325047,-0.023554407060146332
113,1,56,1.0,1.007813572883606,0,0,0.0,0.0,0.0,-0.002631538547575474,0.0023262735921889544,-0.02345006726682186
114,1,57,2.0,1.0078133344650269,1,0,0.0,0.0,0.0,-0.002631476614624262,0.002326226094737649,-0.02344866283237934
115,1,58,2.0,1.0095856189727783,1,0,0.0,0.0,0.0,-0.0018815583316609263,0.0010322825983166695,0.05132647231221199
116,1,59,2.0,1.007968783378601,1,0,0.0,0.0,0.0,-0.002867298200726509,0.0007104644319042563,0.09117178618907928
117,1,60,2.0,1.0022873878479004,1,0,0.0,0.0,0.0,-0.0027819108217954636,0.0013340623117983341,0.5275633335113525
118,1,61,2.0,1.002537727355957,1,0,0.0,0.0,0.0,-0.004959821701049805,0.001092056161724031,0.7337297201156616
119,1,62,2.0,1.0005719661712646,1,0,0.0,0.0,0.0,-0.007953227497637272,-0.00015870589413680136,0.9968212842941284
120,1,63,1.0,1.0019627809524536,0,0,0.0,0.0,0.0,-0.008598238229751587,7.19904201105237e-05,1.0284994840621948
121,1,64,1.0,0.9996586441993713,0,0,0.0,0.0,0.0,-0.008305075578391552,0.001160421408712864,1.044047236442566
122,1,65,1.0,1.0019611120224,0,0,0.0,0.0,1.0,-0.008621571585536003,0.0013594839256256819,1.0449825525283813
123,1,66,1.0,0.9976471662521362,0,0,0.0,0.0,1.0,-0.01004810445010662,-0.0022411509416997433,1.1109024286270142
124,1,67,1.0,0.9971131086349487,0,0,0.0,0.0,1.0,-0.009587008506059647,-0.0003576789458747953,1.0636858940124512
125,1,68,1.0,1.002406358718872,0,0,0.0,0.0,1.0,-0.009748440235853195,6.59072320559062e-05,1.0712882280349731
126,1,69,1.0,0.9995371103286743,0,0,0.0,0.0,1.0,-0.007704128511250019,0.0012344609713181853,1.0551928281784058
127,1,70,1.0,1.0035072565078735,0,0,0.0,0.0,1.0,-0.003913016524165869,0.0026840504724532366,1.0392805337905884
128,2,0,1.0,0.9986533522605896,0,0,0.0,0.0,0.0,-0.0014632848324254155,0.0021220152266323566,-0.048137180507183075
129,2,1,1.0,0.9986944198608398,0,0,0.0,0.0,0.0,-0.0014509129105135798,0.002025510184466839,-0.047245293855667114
130,2,2,1.0,0.9977930784225464,0,0,0.0,0.0,0.0,-0.001513626310043037,0.0020241187885403633,-0.046882372349500656
131,2,3,1.0,0.9977973699569702,0,0,0.0,0.0,0.0,-0.0015063908649608493,0.0020245329942554235,-0.046839065849781036
132,2,4,1.0,0.997999906539917,0,0,0.0,0.0,0.0,-0.0017109260661527514,0.0019029673421755433,-0.0452767089009285
133,2,5,1.0,0.9979983568191528,0,0,0.0,0.0,0.0,-0.0017098538810387254,0.0019028078531846404,-0.04526011645793915
134,2,6,1.0,0.9982689619064331,0,0,0.0,0.0,0.0,-0.0015673103043809533,0.001925584045238793,-0.044237200170755386
135,2,7,1.0,0.9982682466506958,0,0,0.0,0.0,0.0,-0.0015672511653974652,0.0019254861399531364,-0.044232022017240524
136,2,8,1.0,0.998473048210144,0,0,0.0,0.0,0.0,-0.001734827528707683,0.0019043587381020188,-0.044294826686382294
137,2,9,1.0,0.9984728097915649,0,0,0.0,0.0,0.0,-0.0017348163528367877,0.0019043139182031155,-0.044293247163295746
138,2,10,1.0,0.9983159303665161,0,0,0.0,0.0,0.0,-0.0017027779249474406,0.0017969413893297315,-0.04417097195982933
139,2,11,1.0,0.9983159303665161,0,0,0.0,0.0,0.0,-0.0017027977155521512,0.0017968937754631042,-0.04417053237557411
140,2,12,1.0,0.9983158111572266,0,0,0.0,0.0,0.0,-0.0017028249567374587,0.001796899363398552,-0.04417039826512337
141,2,13,1.0,0.9983158111572266,0,0,0.0,0.0,0.0,-0.0017028165748342872,0.0017969021573662758,-0.044170282781124115
142,2,14,1.0,0.9983157515525818,0,0,0.0,0.0,0.0,-0.001702814712189138,0.0017968853935599327,-0.04417019337415695
143,2,15,1.0,0.9983157515525818,0,0,0.0,0.0,0.0,-0.001702801906503737,0.001796896569430828,-0.044170133769512177
144,2,16,1.0,0.9983157515525818,0,0,0.0,0.0,0.0,-0.0017028198344632983,0.0017968881875276566,-0.04417010396718979
145,2,17,1.0,0.9983157515525818,0,0,0.0,0.0,0.0,-0.0017028182046487927,0.001796896569430828,-0.0441700704395771
146,2,18,1.0,0.9983157515525818,0,0,0.0,0.0,0.0,-0.0017028242582455277,0.0017968770116567612,-0.04417015612125397
147,2,19,1.0,0.9983157515525818,0,0,0.0,0.0,0.0,-0.001702839625068009,0.001796879805624485,-0.04417014867067337
148,2,20,1.0,0.9983157515525818,0,0,0.0,0.0,0.0,-0.0017028319416567683,0.0017968825995922089,-0.04417014122009277
149,2,21,1.0,0.9983157515525818,0,0,0.0,0.0,0.0,-0.0017028121510520577,0.0017968714237213135,-0.044170085340738297
150,2,22,1.0,0.9983157515525818,0,0,0.0,0.0,0.0,-0.0017028198344632983,0.0017969105392694473,-0.0441700778901577
151,2,23,1.0,0.9983158111572266,0,0,0.0,0.0,0.0,-0.0017028002766892314,0.0017968770116567612,-0.04417009651660919
152,2,24,1.0,0.9986863732337952,0,0,0.0,0.0,0.0,-0.001734336488880217,0.0018447614274919033,-0.04321620613336563
153,2,25,1.0,0.9986863732337952,0,0,0.0,0.0,0.0,-0.0017343390500172973,0.0018447530455887318,-0.04321617633104324
154,2,26,1.0,0.9986863732337952,0,0,0.0,0.0,0.0,-0.0017343320650979877,0.0018447698093950748,-0.04321623221039772
155,2,27,1.0,0.9986863732337952,0,0,0.0,0.0,0.0,-0.0017343390500172973,0.0018447390757501125,-0.04321612790226936
156,2,28,1.0,0.9986863732337952,0,0,0.0,0.0,0.0,-0.0017343381186947227,0.0018447614274919033,-0.04321619123220444
157,2,29,1.0,0.9986864328384399,0,0,0.0,0.0,0.0,-0.0017343218205496669,0.0018447446636855602,-0.04321618005633354
158,2,30,1.0,0.9986863732337952,0,0,0.0,0.0,0.0,-0.0017343218205496669,0.0018447530455887318,-0.04321615770459175
159,2,31,1.0,0.9986863732337952,0,0,0.0,0.0,0.0,-0.0017343218205496669,0.001844747457653284,-0.04321618005633354
160,2,32,1.0,0.9986863732337952,0,0,0.0,0.0,0.0,-0.0017343278741464019,0.001844767015427351,-0.043216168880462646
161,2,33,1.0,0.9986863732337952,0,0,0.0,0.0,0.0,-0.0017343399813398719,0.0018447698093950748,-0.043216124176979065
162,2,34,1.0,0.9986863732337952,0,0,0.0,0.0,0.0,-0.0017343253130093217,0.0018447698093950748,-0.043216269463300705
163,2,35,1.0,0.9986863732337952,0,0,0.0,0.0,0.0,-0.0017343253130093217,0.0018447390757501125,-0.04321615770459175
164,2,36,1.0,0.9986863732337952,0,0,0.0,0.0,0.0,-0.0017343106446787715,0.0018447390757501125,-0.04321619123220444
165,2,37,1.0,0.9986863732337952,0,0,0.0,0.0,0.0,-0.0017343201907351613,0.0018447249894961715,-0.043216146528720856
166,2,38,1.0,0.9986863732337952,0,0,0.0,0.0,0.0,-0.0017343339277431369,0.001844733371399343,-0.043216146528720856
167,2,39,1.0,0.9986863732337952,0,0,0.0,0.0,0.0,-0.0017343406798318028,0.0018447418697178364,-0.04321615770459175
168,2,40,1.0,0.9986863732337952,0,0,0.0,0.0,0.0,-0.0017343055224046111,0.0018447642214596272,-0.04321619123220444
169,2,41,1.0,0.9986864328384399,0,0,0.0,0.0,0.0,-0.0017343236831948161,0.0018447362817823887,-0.043216150254011154
170,2,42,1.0,0.9997947216033936,0,0,0.0,0.0,-1.0,-0.0015322190010920167,0.0019860463216900826,-0.046450622379779816
171,2,43,1.0,1.002129316329956,0,0,0.0,0.0,-1.0,-0.0015373948263004422,0.001823144149966538,-0.044708773493766785
172,2,44,1.0,1.0035243034362793,0,0,0.0,0.0,-1.0,-0.0026806206442415714,0.0015416183741763234,-0.0453057736158371
173,2,45,1.0,1.007188081741333,0,0,0.0,0.0,-1.0,-0.0029363776557147503,0.0015537987928837538,-0.052206989377737045
174,2,46,1.0,1.0077024698257446,0,0,0.0,0.0,-1.0,-0.0025126817636191845,0.0025758969131857157,-0.02556886337697506
175,2,47,1.0,1.0066369771957397,0,0,0.0,0.0,-1.0,-0.0024902652949094772,0.001609975122846663,-0.03352533280849457
176,2,48,1.0,1.0062100887298584,0,0,0.0,0.0,-1.0,-0.0031474782153964043,0.0022414028644561768,-0.03154774010181427
177,2,49,1.0,1.006557583808899,0,0,0.0,0.0,0.0,-0.0031458153389394283,0.002359220292419195,-0.030336080119013786
178,2,50,1.0,1.0062057971954346,0,0,0.0,0.0,0.0,-0.0029979520477354527,0.0026258614379912615,-0.02702399715781212
179,2,51,1.0,1.006200909614563,0,0,0.0,0.0,0.0,-0.0029957150109112263,0.002623619046062231,-0.026979461312294006
180,2,52,1.0,1.0071221590042114,0,0,0.0,0.0,0.0,-0.002879294566810131,0.002373701659962535,-0.0252456646412611
181,2,53,1.0,1.0071216821670532,0,0,0.0,0.0,0.0,-0.002879152074456215,0.0023735170252621174,-0.025242915377020836
182,2,54,1.0,1.0075342655181885,0,0,0.0,0.0,0.0,-0.002733596134930849,0.0023543352726846933,-0.024582775309681892
183,2,55,1.0,1.0075337886810303,0,0,0.0,0.0,0.0,-0.0027335607446730137,0.0023543015122413635,-0.024581102654337883
184,2,56,1.0,1.007729172706604,0,0,0.0,0.0,0.0,-0.002694804687052965,0.002375650219619274,-0.022614089772105217
185,2,57,1.0,1.0077286958694458,0,0,0.0,0.0,0.0,-0.0026947995647788048,0.002375633455812931,-0.02261231280863285
186,2,58,1.0,1.0079271793365479,0,0,0.0,0.0,0.0,-0.0026704701595008373,0.0023220155853778124,-0.022872982546687126
187,2,59,1.0,1.0079268217086792,0,0,0.0,0.0,0.0,-0.002670461777597666,0.0023219541180878878,-0.02287115901708603
188,2,60,1.0,1.0077544450759888,0,0,0.0,0.0,0.0,-0.0026300763711333275,0.0023710813838988543,-0.024654550477862358
189,2,61,1.0,1.0077542066574097,0,0,0.0,0.0,0.0,-0.0026300502941012383,0.0023709891829639673,-0.024653129279613495
190,2,62,1.0,1.0077316761016846,0,0,0.0,0.0,0.0,-0.0026353816501796246,0.0023301199544221163,-0.023277301341295242
191,2,63,1.0,1.0077314376831055,0,0,0.0,0.0,0.0,-0.002635390032082796,0.0023300780449062586,-0.023275747895240784
192,2,64,2.0,1.0082008838653564,1,0,0.0,0.0,0.0,-0.003008752129971981,0.0024303875397890806,-0.021824393421411514
193,2,65,2.0,1.0094653367996216,1,0,0.0,0.0,0.0,-0.0015190631384029984,0.0006732374895364046,0.04244562238454819
194,2,66,2.0,1.0068899393081665,1,0,0.0,0.0,0.0,-0.002339959144592285,0.0014995343517512083,0.1039721742272377
195,2,67,2.0,1.0072427988052368,1,0,0.0,0.0,0.0,-0.002460246905684471,0.0006869883509352803,0.39073753356933594
196,2,68,2.0,1.001623272895813,1,0,0.0,0.0,0.0,-0.005997516214847565,5.5725664424244314e-05,0.889833927154541
197,2,69,1.0,1.0023092031478882,0,0,0.0,0.0,0.0,-0.0071280766278505325,-0.0006775654037483037,0.9877530932426453
198,2,70,1.0,1.0034090280532837,0,0,0.0,0.0,0.0,-0.0084768608212471,0.0005488443421199918,1.0384896993637085
199,2,71,1.0,1.002776026725769,0,0,0.0,0.0,0.0,-0.007980615831911564,0.00021062992163933814,1.0368198156356812
200,2,72,1.0,0.9980943202972412,0,0,0.0,0.0,1.0,-0.007303221151232719,0.000711475033313036,0.9919253587722778
201,2,73,1.0,0.994156002998352,0,0,0.0,0.0,1.0,-0.011499622836709023,-0.0010847776429727674,1.0989267826080322
202,2,74,1.0,0.9997036457061768,0,0,0.0,0.0,1.0,-0.009898449294269085,-0.00022578048810828477,1.0597035884857178
203,2,75,1.0,1.0064823627471924,0,0,0.0,0.0,1.0,-0.013521065004169941,-0.0016644970746710896,1.073573112487793
204,2,76,1.0,1.0050193071365356,0,0,0.0,0.0,1.0,-0.005811408162117004,0.0009287228458561003,1.0927515029907227
205,2,77,1.0,1.0051501989364624,0,0,0.0,0.0,1.0,-0.0049514928832650185,0.0029353646095842123,1.0162808895111084
206,3,0,1.0,0.9986533522605896,0,0,0.0,0.0,0.0,-0.0014632848324254155,0.0021220152266323566,-0.048137180507183075
207,3,1,1.0,0.9986944198608398,0,0,0.0,0.0,0.0,-0.0014509129105135798,0.002025510184466839,-0.047245293855667114
208,3,2,1.0,0.9977930784225464,0,0,0.0,0.0,0.0,-0.001513626310043037,0.0020241187885403633,-0.046882372349500656
209,3,3,1.0,0.9977973699569702,0,0,0.0,0.0,0.0,-0.0015063908649608493,0.0020245329942554235,-0.046839065849781036
210,3,4,1.0,0.997999906539917,0,0,0.0,0.0,0.0,-0.0017109260661527514,0.0019029673421755433,-0.0452767089009285
211,3,5,1.0,0.9979983568191528,0,0,0.0,0.0,0.0,-0.0017098538810387254,0.0019028078531846404,-0.04526011645793915
212,3,6,1.0,0.9982689619064331,0,0,0.0,0.0,0.0,-0.0015673103043809533,0.001925584045238793,-0.044237200170755386
213,3,7,1.0,0.9982682466506958,0,0,0.0,0.0,0.0,-0.0015672511653974652,0.0019254861399531364,-0.044232022017240524
214,3,8,1.0,0.998473048210144,0,0,0.0,0.0,0.0,-0.001734827528707683,0.0019043587381020188,-0.044294826686382294
215,3,9,1.0,0.9984728097915649,0,0,0.0,0.0,0.0,-0.0017348163528367877,0.0019043139182031155,-0.044293247163295746
216,3,10,1.0,0.9983159303665161,0,0,0.0,0.0,0.0,-0.0017027779249474406,0.0017969413893297315,-0.04417097195982933
217,3,11,1.0,0.9983159303665161,0,0,0.0,0.0,0.0,-0.0017027977155521512,0.0017968937754631042,-0.04417053237557411
218,3,12,1.0,0.9983158111572266,0,0,0.0,0.0,0.0,-0.0017028249567374587,0.001796899363398552,-0.04417039826512337
219,3,13,1.0,0.9983158111572266,0,0,0.0,0.0,0.0,-0.0017028165748342872,0.0017969021573662758,-0.044170282781124115
220,3,14,1.0,0.9983157515525818,0,0,0.0,0.0,0.0,-0.001702814712189138,0.0017968853935599327,-0.04417019337415695
221,3,15,1.0,0.9983157515525818,0,0,0.0,0.0,0.0,-0.001702801906503737,0.001796896569430828,-0.044170133769512177
222,3,16,1.0,0.9983157515525818,0,0,0.0,0.0,0.0,-0.0017028198344632983,0.0017968881875276566,-0.04417010396718979
223,3,17,1.0,0.9983157515525818,0,0,0.0,0.0,0.0,-0.0017028182046487927,0.001796896569430828,-0.0441700704395771
224,3,18,1.0,0.9994902610778809,0,0,1.0,0.0,0.0,-0.001762776984833181,0.0017889321316033602,-0.04591624438762665
225,3,19,1.0,1.002564787864685,0,0,0.0,0.0,0.0,-0.0019170265877619386,0.0017001563683152199,-0.04713459685444832
226,3,20,1.0,1.0020673274993896,0,0,0.0,0.0,0.0,-0.002381118480116129,0.0025264504365622997,-0.050439946353435516
227,3,21,1.0,1.0011240243911743,0,0,0.0,0.0,0.0,-0.0019309163326397538,0.001985410926863551,-0.05473475530743599
228,3,22,1.0,1.0021721124649048,0,0,0.0,0.0,0.0,-0.0018649845151230693,0.0020025211852043867,-0.05121571943163872
229,3,23,1.0,1.0019876956939697,0,0,-1.0,0.0,0.0,-0.0018596836598590016,0.0020903702825307846,-0.051027748733758926
230,3,24,1.0,1.0026538372039795,0,0,0.0,0.0,0.0,-0.0024405536241829395,0.0017785014351829886,-0.04355001822113991
231,3,25,1.0,1.001582145690918,0,0,0.0,0.0,0.0,-0.0016304155578836799,0.0014700450701639056,-0.042585115879774094
232,3,26,1.0,0.9996987581253052,0,0,0.0,0.0,0.0,-0.0019790981896221638,0.0015065385960042477,-0.04292881116271019
233,3,27,1.0,1.0014160871505737,0,0,0.0,0.0,0.0,-0.001774876262061298,0.0014215364353731275,-0.04114006459712982
234,3,28,1.0,0.9994001984596252,0,0,0.0,0.0,0.0,-0.0015447769546881318,0.001864433055743575,-0.04271012172102928
235,3,29,1.0,0.9994089007377625,0,0,0.0,0.0,0.0,-0.001543708029203117,0.001864519901573658,-0.04267694428563118
236,3,30,1.0,0.9986870884895325,0,0,0.0,0.0,0.0,-0.0015372653724625707,0.002042858162894845,-0.04273701831698418
237,3,31,1.0,0.9986856579780579,0,0,0.0,0.0,0.0,-0.0015376630472019315,0.002042164094746113,-0.042720697820186615
238,3,32,1.0,0.9982783198356628,0,0,0.0,0.0,0.0,-0.0016312409425154328,0.0019020631443709135,-0.043092694133520126
239,3,33,1.0,0.9982775449752808,0,0,0.0,0.0,-1.0,-0.001631552935577929,0.0019018672173842788,-0.043087467551231384
240,3,34,1.0,1.0025475025177002,0,0,0.0,0.0,-1.0,-0.0017407011473551393,0.0010171628091484308,-0.04132173955440521
241,3,35,1.0,1.0012240409851074,0,0,0.0,0.0,0.0,-0.0028744484297931194,0.0024948278442025185,-0.050839364528656006
242,3,36,1.0,1.0031685829162598,0,0,0.0,0.0,0.0,-0.0028954017907381058,0.0026250018272548914,-0.036952000111341476
243,3,37,1.0,1.002745270729065,0,0,0.0,0.0,0.0,-0.003124928567558527,0.0024775329511612654,-0.03589104488492012
244,3,38,1.0,1.0024991035461426,0,0,0.0,0.0,0.0,-0.003135387320071459,0.002648234600201249,-0.04335585981607437
245,3,39,1.0,1.0023635625839233,0,0,0.0,0.0,0.0,-0.0028618951328098774,0.002373987343162298,-0.04005789756774902
246,3,40,1.0,1.0024203062057495,0,0,0.0,0.0,0.0,-0.0030527496710419655,0.0026323364581912756,-0.04551371559500694
247,3,41,1.0,1.002583622932434,0,0,0.0,0.0,-1.0,-0.003048000391572714,0.0026058985386043787,-0.04528775438666344
248,3,42,1.0,1.0050631761550903,0,0,0.0,0.0,-1.0,-0.0023408490233123302,0.003187944181263447,-0.04007303714752197
249,3,43,1.0,1.005703091621399,0,0,0.0,0.0,0.0,-0.002410212066024542,0.0014412864111363888,-0.03529047220945358
250,3,44,1.0,1.0068103075027466,0,0,0.0,0.0,0.0,-0.002831289079040289,0.0024645826779305935,-0.026787539944052696
251,3,45,1.0,1.006624698638916,0,0,0.0,0.0,0.0,-0.002519650384783745,0.002564895199611783,-0.02667452208697796
252,3,46,1.0,1.0068092346191406,0,0,0.0,0.0,0.0,-0.0032689557410776615,0.002417901996523142,-0.02474791929125786
253,3,47,1.0,1.0068110227584839,0,0,0.0,0.0,0.0,-0.0032643121667206287,0.0024168831296265125,-0.024730389937758446
254,3,48,1.0,1.0064046382904053,0,0,0.0,0.0,0.0,-0.003045505378395319,0.0023766355589032173,-0.021299444139003754
255,3,49,1.0,1.0064043998718262,0,0,0.0,0.0,0.0,-0.0030449610203504562,0.002376588061451912,-0.02129838988184929
256,3,50,1.0,1.0066598653793335,0,0,0.0,0.0,0.0,-0.0030641015619039536,0.0023228724021464586,-0.02034679800271988
257,3,51,1.0,1.006659746170044,0,0,0.0,0.0,0.0,-0.0030639762990176678,0.0023228051140904427,-0.02034572698175907
258,3,52,1.0,1.0066310167312622,0,0,0.0,0.0,0.0,-0.0031171906739473343,0.002353859366849065,-0.019989248365163803
259,3,53,1.0,1.0066308975219727,0,0,0.0,0.0,0.0,-0.003117137588560581,0.0023537753149867058,-0.0199882835149765
260,3,54,1.0,1.0067981481552124,0,0,0.0,0.0,0.0,-0.0031805718317627907,0.0023380229249596596,-0.020480744540691376
261,3,55,1.0,1.0067980289459229,0,0,0.0,0.0,0.0,-0.003180523868650198,0.0023379612248390913,-0.020479818806052208
262,3,56,1.0,1.0067354440689087,0,0,0.0,0.0,0.0,-0.0031120129860937595,0.0023341260384768248,-0.019975801929831505
263,3,57,1.0,1.0067353248596191,0,0,0.0,0.0,0.0,-0.0031119370833039284,0.002334067365154624,-0.019974831491708755
264,3,58,1.0,1.0067477226257324,0,0,0.0,0.0,0.0,-0.003117585089057684,0.002328877104446292,-0.02029709704220295
265,3,59,2.0,1.0067474842071533,1,0,0.0,0.0,0.0,-0.0031175524927675724,0.002328793052583933,-0.020296266302466393
266,3,60,2.0,1.0083634853363037,1,0,0.0,0.0,0.0,-0.002688151318579912,0.001707269693724811,0.08795317262411118
267,3,61,2.0,1.0065128803253174,1,0,0.0,0.0,0.0,-0.0019060486229136586,0.0013254288351163268,0.10845901072025299
268,3,62,2.0,1.0033159255981445,1,0,0.0,0.0,0.0,-0.0018974057165905833,0.0007196661899797618,0.4492146372795105
269,3,63,2.0,1.0009765625,1,0,0.0,0.0,0.0,-0.005026842001825571,0.0005799265345558524,0.757612943649292
270,3,64,1.0,1.002763032913208,0,0,0.0,0.0,0.0,-0.007192032411694527,-0.0007725924369879067,0.9683719873428345
271,3,65,1.0,1.0038444995880127,0,0,0.0,0.0,0.0,-0.007543750107288361,-0.0008675102726556361,1.0047693252563477
272,3,66,1.0,1.001602053642273,0,0,0.0,0.0,0.0,-0.008722443133592606,0.0015143629861995578,1.0115294456481934
273,3,67,1.0,1.0047072172164917,0,0,0.0,0.0,0.0,-0.010160988196730614,0.001330518163740635,1.0733710527420044
274,3,68,1.0,0.998212456703186,0,0,0.0,0.0,1.0,-0.008742731995880604,-0.0004867163661401719,1.0813400745391846
275,3,69,1.0,0.9973019361495972,0,0,0.0,0.0,1.0,-0.009517206810414791,-0.001744630979374051,1.0847480297088623
276,3,70,1.0,0.9986807107925415,0,0,0.0,0.0,1.0,-0.009785635396838188,-4.149611049797386e-05,1.0698280334472656
277,3,71,1.0,1.0062416791915894,0,0,0.0,0.0,1.0,-0.012242890894412994,0.00035720024607144296,1.1012548208236694
278,3,72,1.0,1.0057789087295532,0,0,0.0,0.0,1.0,-0.005241876468062401,0.0011194683611392975,1.0668139457702637
279,3,73,1.0,1.0008630752563477,0,0,0.0,0.0,1.0,-0.005524738691747189,0.002059128601104021,1.0265264511108398
280,4,0,1.0,0.9986533522605896,0,0,0.0,0.0,0.0,-0.0014632848324254155,0.0021220152266323566,-0.048137180507183075
281,4,1,1.0,0.9986944198608398,0,0,0.0,0.0,0.0,-0.0014509129105135798,0.002025510184466839,-0.047245293855667114
282,4,2,1.0,0.9977930784225464,0,0,0.0,0.0,0.0,-0.001513626310043037,0.0020241187885403633,-0.046882372349500656
283,4,3,1.0,0.9977973699569702,0,0,0.0,0.0,0.0,-0.0015063908649608493,0.0020245329942554235,-0.046839065849781036
284,4,4,1.0,0.997999906539917,0,0,0.0,0.0,0.0,-0.0017109260661527514,0.0019029673421755433,-0.0452767089009285
285,4,5,1.0,0.9979983568191528,0,0,0.0,0.0,0.0,-0.0017098538810387254,0.0019028078531846404,-0.04526011645793915
286,4,6,1.0,0.9982689619064331,0,0,0.0,0.0,0.0,-0.0015673103043809533,0.001925584045238793,-0.044237200170755386
287,4,7,1.0,0.9982682466506958,0,0,0.0,0.0,0.0,-0.0015672511653974652,0.0019254861399531364,-0.044232022017240524
288,4,8,1.0,0.998473048210144,0,0,0.0,0.0,0.0,-0.001734827528707683,0.0019043587381020188,-0.044294826686382294
289,4,9,1.0,0.9984728097915649,0,0,0.0,0.0,0.0,-0.0017348163528367877,0.0019043139182031155,-0.044293247163295746
290,4,10,1.0,0.9989264011383057,0,0,0.0,1.0,0.0,-0.0016418489394709468,0.001778269070200622,-0.04473128914833069
291,4,11,1.0,1.0002959966659546,0,0,0.0,0.0,0.0,-0.0015618969919160008,0.00045246799709275365,-0.04395294934511185
292,4,12,1.0,0.9987533092498779,0,0,0.0,0.0,0.0,-0.00193871243391186,0.0016189892776310444,-0.047011662274599075
293,4,13,1.0,0.9972257614135742,0,0,0.0,0.0,0.0,-0.002566453069448471,0.0020290485117584467,-0.0452691875398159
294,4,14,1.0,1.0010924339294434,0,0,0.0,0.0,0.0,-0.0027166223153471947,0.001424366608262062,-0.05169040337204933
295,4,15,1.0,1.001185417175293,0,0,0.0,0.0,0.0,-0.0027382574044167995,0.0013810760574415326,-0.05137496441602707
296,4,16,1.0,1.0005290508270264,0,0,0.0,-1.0,0.0,-0.002808157354593277,0.002326379995793104,-0.04908667877316475
297,4,17,1.0,0.9998493790626526,0,0,0.0,0.0,0.0,-0.002258115913718939,0.0017264962662011385,-0.04351303353905678
298,4,18,1.0,0.9999252557754517,0,0,0.0,0.0,0.0,-0.0018389817560091615,0.0014961051056161523,-0.045131243765354156
299,4,19,1.0,1.0007424354553223,0,0,0.0,0.0,0.0,-0.001828238950110972,0.0012455607065930963,-0.04373922944068909
300,4,20,1.0,0.9988274574279785,0,0,0.0,0.0,0.0,-0.0013144040713086724,0.0019191789906471968,-0.04793955758213997
301,4,21,1.0,0.9990121722221375,0,0,0.0,0.0,0.0,-0.0012821975396946073,0.0019126926781609654,-0.048291437327861786
302,4,22,1.0,0.9993064403533936,0,0,0.0,0.0,0.0,-0.0014440332306548953,0.0016332861268892884,-0.045963186770677567
303,4,23,1.0,0.9993270635604858,0,0,0.0,0.0,0.0,-0.0014445172855630517,0.001631648396141827,-0.0458061620593071
304,4,24,1.0,0.99817955493927,0,0,0.0,0.0,0.0,-0.0015396849485114217,0.0018235276220366359,-0.04540443420410156
305,4,25,1.0,0.9981865286827087,0,0,0.0,0.0,0.0,-0.0015416519017890096,0.0018224247032776475,-0.04535992816090584
306,4,26,1.0,0.9984536170959473,0,0,0.0,0.0,0.0,-0.0016010518884286284,0.0018065966432914138,-0.04420172795653343
307,4,27,1.0,0.998455822467804,0,0,0.0,0.0,0.0,-0.0016015832079574466,0.001806073123589158,-0.044189453125
308,4,28,1.0,0.9986193776130676,0,0,0.0,0.0,0.0,-0.0018226105021312833,0.0019231541082262993,-0.04463871195912361
309,4,29,1.0,0.9986198544502258,0,0,0.0,0.0,-1.0,-0.0018228684784844518,0.001923003001138568,-0.04463515430688858
310,4,30,1.0,1.0023748874664307,0,0,0.0,0.0,-1.0,-0.001703582820482552,0.0011837882921099663,-0.04183505102992058
311,4,31,1.0,1.0010879039764404,0,0,0.0,0.0,-1.0,-0.0027954205870628357,0.0021210326813161373,-0.04799731448292732
312,4,32,1.0,1.004118800163269,0,0,0.0,0.0,-1.0,-0.0026571182534098625,0.0021477979607880116,-0.04413967579603195
313,4,33,1.0,1.0054776668548584,0,0,0.0,0.0,-1.0,-0.0024391976185142994,0.0014907217118889093,-0.03308751434087753
314,4,34,1.0,1.00603187084198,0,0,0.0,0.0,-1.0,-0.003054361790418625,0.002310717012733221,-0.02720298245549202
315,4,35,1.0,1.0071629285812378,0,0,0.0,0.0,-1.0,-0.0037922323681414127,0.0025415506679564714,-0.024898244068026543
316,4,36,1.0,1.005325436592102,0,0,0.0,0.0,0.0,-0.002919076941907406,0.0024112253449857235,-0.03330346941947937
317,4,37,1.0,1.0053184032440186,0,0,0.0,0.0,0.0,-0.002910536713898182,0.002407457446679473,-0.033209118992090225
318,4,38,1.0,1.007464051246643,0,0,0.0,0.0,0.0,-0.0029037557542324066,0.0025473034474998713,-0.02963450364768505
319,4,39,1.0,1.0074634552001953,0,0,0.0,0.0,0.0,-0.002902986016124487,0.002546617528423667,-0.029621688649058342
320,4,40,1.0,1.0072083473205566,0,0,0.0,0.0,0.0,-0.0027062930166721344,0.0022835400886833668,-0.02542143687605858
321,4,41,1.0,1.0072081089019775,0,0,0.0,0.0,0.0,-0.0027061430737376213,0.0022835037671029568,-0.025419779121875763
322,4,42,1.0,1.007736325263977,0,0,0.0,0.0,0.0,-0.002689963672310114,0.0023694830015301704,-0.022556167095899582
323,4,43,1.0,1.0077359676361084,0,0,0.0,0.0,0.0,-0.002689925953745842,0.00236942688934505,-0.02255432680249214
324,4,44,1.0,1.0077288150787354,0,0,0.0,0.0,0.0,-0.0026947823353111744,0.002375608077272773,-0.022612623870372772
325,4,45,1.0,1.0077284574508667,0,0,0.0,0.0,0.0,-0.002694784663617611,0.0023755633737891912,-0.02261091023683548
326,4,46,2.0,1.0084620714187622,1,0,0.0,0.0,0.0,-0.003053920343518257,0.0025111541617661715,-0.022435283288359642
327,4,47,2.0,1.0099846124649048,1,0,0.0,0.0,0.0,-0.0016242818674072623,0.0009407688630744815,0.04295947402715683
328,4,48,2.0,1.0070366859436035,1,0,0.0,0.0,0.0,-0.0021113278344273567,0.0013905661180615425,0.0952426865696907
329,4,49,2.0,1.0058398246765137,1,0,0.0,0.0,0.0,-0.0025327387265861034,0.0005390715086832643,0.39627987146377563
330,4,50,2.0,1.0011682510375977,1,0,0.0,0.0,0.0,-0.006679295562207699,-7.497461774619296e-05,0.9167004823684692
331,4,51,1.0,1.0010755062103271,0,0,0.0,0.0,0.0,-0.007290966808795929,-0.001000228920020163,1.0037153959274292
332,4,52,1.0,1.0041571855545044,0,0,0.0,0.0,0.0,-0.008640561252832413,0.0004530446894932538,1.041329026222229
333,4,53,1.0,1.003455638885498,0,0,0.0,0.0,0.0,-0.008253892883658409,0.0003992002457380295,1.0406830310821533
334,4,54,1.0,1.0005136728286743,0,0,0.0,0.0,0.0,-0.007056889124214649,-3.4248358133481815e-05,1.0062698125839233
335,4,55,1.0,0.9940910339355469,0,0,0.0,0.0,1.0,-0.009924691170454025,-0.0011347448453307152,1.1004307270050049
336,4,56,1.0,0.9986639022827148,0,0,0.0,0.0,1.0,-0.009218048304319382,-0.0012878266861662269,1.0976611375808716
337,4,57,1.0,1.0017858743667603,0,0,0.0,0.0,1.0,-0.010589055716991425,0.0016238379757851362,1.0784896612167358
338,4,58,1.0,1.0037344694137573,0,0,0.0,0.0,1.0,-0.009224574081599712,0.00042860276880674064,1.0541437864303589
339,4,59,1.0,1.0008307695388794,0,0,0.0,0.0,1.0,-0.006087257526814938,9.349572064820677e-05,1.040662169456482
340,4,60,1.0,1.0047712326049805,0,0,0.0,0.0,1.0,-0.004339741542935371,0.0028371799271553755,1.0262798070907593
341,5,0,1.0,0.9986533522605896,0,0,0.0,0.0,0.0,-0.0014632848324254155,0.0021220152266323566,-0.048137180507183075
342,5,1,1.0,0.9986944198608398,0,0,0.0,0.0,0.0,-0.0014509129105135798,0.002025510184466839,-0.047245293855667114
343,5,2,1.0,0.9977930784225464,0,0,0.0,0.0,0.0,-0.001513626310043037,0.0020241187885403633,-0.046882372349500656
344,5,3,1.0,0.9977973699569702,0,0,0.0,0.0,0.0,-0.0015063908649608493,0.0020245329942554235,-0.046839065849781036
345,5,4,1.0,0.997999906539917,0,0,0.0,0.0,0.0,-0.0017109260661527514,0.0019029673421755433,-0.0452767089009285
346,5,5,1.0,0.9979983568191528,0,0,0.0,0.0,0.0,-0.0017098538810387254,0.0019028078531846404,-0.04526011645793915
347,5,6,1.0,0.9982689619064331,0,0,0.0,0.0,0.0,-0.0015673103043809533,0.001925584045238793,-0.044237200170755386
348,5,7,1.0,0.9982682466506958,0,0,0.0,0.0,0.0,-0.0015672511653974652,0.0019254861399531364,-0.044232022017240524
349,5,8,1.0,0.998473048210144,0,0,0.0,0.0,0.0,-0.001734827528707683,0.0019043587381020188,-0.044294826686382294
350,5,9,1.0,0.9984728097915649,0,0,0.0,0.0,0.0,-0.0017348163528367877,0.0019043139182031155,-0.044293247163295746
351,5,10,1.0,0.9983159303665161,0,0,0.0,0.0,0.0,-0.0017027779249474406,0.0017969413893297315,-0.04417097195982933
352,5,11,1.0,0.9983159303665161,0,0,0.0,0.0,0.0,-0.0017027977155521512,0.0017968937754631042,-0.04417053237557411
353,5,12,1.0,0.9983158111572266,0,0,0.0,0.0,0.0,-0.0017028249567374587,0.001796899363398552,-0.04417039826512337
354,5,13,1.0,0.9983158111572266,0,0,0.0,0.0,0.0,-0.0017028165748342872,0.0017969021573662758,-0.044170282781124115
355,5,14,1.0,0.9983157515525818,0,0,0.0,0.0,0.0,-0.001702814712189138,0.0017968853935599327,-0.04417019337415695
356,5,15,1.0,0.9983157515525818,0,0,0.0,0.0,0.0,-0.001702801906503737,0.001796896569430828,-0.044170133769512177
357,5,16,1.0,0.9983157515525818,0,0,0.0,0.0,0.0,-0.0017028198344632983,0.0017968881875276566,-0.04417010396718979
358,5,17,1.0,0.9983157515525818,0,0,0.0,0.0,0.0,-0.0017028182046487927,0.001796896569430828,-0.0441700704395771
359,5,18,1.0,0.9997047185897827,0,0,0.0,-1.0,0.0,-0.0016201887046918273,0.0017025022534653544,-0.041310276836156845
360,5,19,1.0,0.9991664290428162,0,0,0.0,0.0,0.0,-0.0010816588765010238,0.00197434751316905,-0.04940715432167053
361,5,20,1.0,1.001347303390503,0,0,0.0,0.0,0.0,-0.0011702029732987285,0.002415875205770135,-0.04758905619382858
362,5,21,1.0,1.0030114650726318,0,0,0.0,0.0,0.0,-0.0008030211320146918,0.0022628747392445803,-0.04791027680039406
363,5,22,1.0,1.001528263092041,0,0,0.0,0.0,0.0,-0.0012248718412593007,0.0019280476262792945,-0.05348774045705795
364,5,23,1.0,1.002232313156128,0,0,0.0,0.0,0.0,-0.001075493753887713,0.0018919684225693345,-0.05347922444343567
365,5,24,1.0,1.0011873245239258,0,0,0.0,0.0,0.0,-0.0009445851901546121,0.0022426822688430548,-0.0501253604888916
366,5,25,1.0,1.0012112855911255,0,0,0.0,1.0,0.0,-0.0009438215056434274,0.002241808921098709,-0.05004816874861717
367,5,26,1.0,1.0024290084838867,0,0,0.0,0.0,0.0,-0.0015769113088026643,0.002277199411764741,-0.04769894853234291
368,5,27,1.0,0.9993649125099182,0,0,0.0,0.0,0.0,-0.0009277280187234282,0.001538508222438395,-0.04423883184790611
369,5,28,1.0,1.0016039609909058,0,0,0.0,0.0,0.0,-0.0012683506356552243,0.0014781131176277995,-0.0462404303252697
370,5,29,1.0,1.0008858442306519,0,0,0.0,0.0,0.0,-0.0015411892673000693,0.0015210116980597377,-0.0454479455947876
371,5,30,1.0,0.9990288019180298,0,0,0.0,0.0,0.0,-0.0017367046093568206,0.0021820939145982265,-0.0477287657558918
372,5,31,1.0,0.9990307092666626,0,0,0.0,0.0,0.0,-0.0017014966579154134,0.0021815565414726734,-0.048170942813158035
373,5,32,1.0,0.9986624121665955,0,0,0.0,0.0,0.0,-0.0014514339854940772,0.0015653828158974648,-0.04509282484650612
374,5,33,1.0,0.9986463785171509,0,0,0.0,0.0,0.0,-0.0014508074382320046,0.0015676419716328382,-0.04517599567770958
375,5,34,1.0,0.9976447224617004,0,0,0.0,0.0,0.0,-0.0018940825248137116,0.0018881583819165826,-0.044290125370025635
376,5,35,1.0,0.9976415634155273,0,0,0.0,0.0,0.0,-0.0018927677301689982,0.0018890037899836898,-0.04431379213929176
377,5,36,1.0,0.9997639656066895,0,0,0.0,0.0,-1.0,-0.0017405253602191806,0.0018658663611859083,-0.04574662074446678
378,5,37,1.0,1.001841425895691,0,0,0.0,0.0,-1.0,-0.0015798982931300998,0.001945387339219451,-0.04444131255149841
379,5,38,1.0,1.0032284259796143,0,0,0.0,0.0,-1.0,-0.002709792461246252,0.0016039703041315079,-0.045294176787137985
380,5,39,1.0,1.0073456764221191,0,0,0.0,0.0,-1.0,-0.002869613002985716,0.001742447493597865,-0.04455176368355751
381,5,40,1.0,1.007798671722412,0,0,0.0,0.0,-1.0,-0.002476315014064312,0.002604213310405612,-0.025591501966118813
382,5,41,1.0,1.0068567991256714,0,0,0.0,0.0,-1.0,-0.0024925675243139267,0.0015938195865601301,-0.0341474823653698
383,5,42,1.0,1.0060133934020996,0,0,0.0,0.0,0.0,-0.0032583260908722878,0.0022975318133831024,-0.03202105686068535
384,5,43,1.0,1.006352186203003,0,0,0.0,0.0,0.0,-0.003268382977694273,0.0024138260632753372,-0.030754409730434418
385,5,44,1.0,1.0059614181518555,0,0,0.0,0.0,0.0,-0.0029064486734569073,0.0025752391666173935,-0.025338638573884964
386,5,45,1.0,1.0059572458267212,0,0,0.0,0.0,0.0,-0.002903592772781849,0.002573623787611723,-0.025294804945588112
387,5,46,2.0,1.0083388090133667,1,0,0.0,0.0,0.0,-0.0029760655015707016,0.002225258620455861,-0.02485021762549877
388,5,47,2.0,1.00888991355896,1,0,0.0,0.0,0.0,-0.0019725561141967773,0.0008385724504478276,0.051497846841812134
389,5,48,2.0,1.0064976215362549,1,0,0.0,0.0,0.0,-0.002034377306699753,0.001439340878278017,0.09428249299526215
390,5,49,2.0,1.0069077014923096,1,0,0.0,0.0,0.0,-0.002444058656692505,0.000491968123242259,0.37012654542922974
391,5,50,2.0,1.0015735626220703,1,0,0.0,0.0,0.0,-0.006396538577973843,0.00024915020912885666,0.906231701374054
392,5,51,1.0,1.0031358003616333,0,0,0.0,0.0,0.0,-0.007440879940986633,-0.0006646151887252927,0.9978176355361938
393,5,52,1.0,1.004314661026001,0,0,0.0,0.0,0.0,-0.008625263348221779,0.0007876618183217943,1.0496479272842407
394,5,53,1.0,1.0049350261688232,0,0,0.0,0.0,0.0,-0.008201010525226593,0.0005496925441548228,1.0505436658859253
395,5,54,1.0,1.0016363859176636,0,0,0.0,0.0,0.0,-0.007370754145085812,0.0008110735216178,1.0118604898452759
396,5,55,1.0,0.9958381056785583,0,0,0.0,0.0,0.0,-0.00910566933453083,-0.0006849643541499972,1.0691359043121338
397,5,56,1.0,1.0002069473266602,0,0,0.0,0.0,1.0,-0.00916221458464861,-0.0010616431245580316,1.0704177618026733
398,5,57,1.0,1.0020753145217896,0,0,0.0,0.0,1.0,-0.009021553210914135,-0.0017182239098474383,1.1075115203857422
399,5,58,1.0,0.9990623593330383,0,0,0.0,0.0,1.0,-0.010137807577848434,-0.000315494165988639,1.0399342775344849
400,5,59,1.0,1.0046175718307495,0,0,0.0,0.0,1.0,-0.011400698684155941,-0.00048367056297138333,1.0855759382247925
401,5,60,1.0,1.0023045539855957,0,0,0.0,0.0,1.0,-0.005820890888571739,0.002189943566918373,1.070938229560852
402,5,61,1.0,1.0023194551467896,0,0,0.0,0.0,1.0,-0.006415512412786484,0.0035589372273534536,1.0489193201065063
403,6,0,1.0,0.9986533522605896,0,0,0.0,0.0,0.0,-0.0014632848324254155,0.0021220152266323566,-0.048137180507183075
404,6,1,1.0,0.9986944198608398,0,0,0.0,0.0,0.0,-0.0014509129105135798,0.002025510184466839,-0.047245293855667114
405,6,2,1.0,0.9977930784225464,0,0,0.0,0.0,0.0,-0.001513626310043037,0.0020241187885403633,-0.046882372349500656
406,6,3,1.0,0.9977973699569702,0,0,0.0,0.0,0.0,-0.0015063908649608493,0.0020245329942554235,-0.046839065849781036
407,6,4,1.0,0.997999906539917,0,0,0.0,0.0,0.0,-0.0017109260661527514,0.0019029673421755433,-0.0452767089009285
408,6,5,1.0,0.9979983568191528,0,0,0.0,0.0,0.0,-0.0017098538810387254,0.0019028078531846404,-0.04526011645793915
409,6,6,1.0,0.9982689619064331,0,0,0.0,0.0,0.0,-0.0015673103043809533,0.001925584045238793,-0.044237200170755386
410,6,7,1.0,0.9982682466506958,0,0,0.0,0.0,0.0,-0.0015672511653974652,0.0019254861399531364,-0.044232022017240524
411,6,8,1.0,0.998473048210144,0,0,0.0,0.0,0.0,-0.001734827528707683,0.0019043587381020188,-0.044294826686382294
412,6,9,1.0,0.9984728097915649,0,0,0.0,0.0,0.0,-0.0017348163528367877,0.0019043139182031155,-0.044293247163295746
413,6,10,1.0,0.9983159303665161,0,0,0.0,0.0,0.0,-0.0017027779249474406,0.0017969413893297315,-0.04417097195982933
414,6,11,1.0,0.9983159303665161,0,0,0.0,0.0,0.0,-0.0017027977155521512,0.0017968937754631042,-0.04417053237557411
415,6,12,1.0,0.9983158111572266,0,0,0.0,0.0,0.0,-0.0017028249567374587,0.001796899363398552,-0.04417039826512337
416,6,13,1.0,0.9983158111572266,0,0,0.0,0.0,0.0,-0.0017028165748342872,0.0017969021573662758,-0.044170282781124115
417,6,14,1.0,0.9983157515525818,0,0,0.0,0.0,0.0,-0.001702814712189138,0.0017968853935599327,-0.04417019337415695
418,6,15,1.0,0.9983157515525818,0,0,0.0,0.0,0.0,-0.001702801906503737,0.001796896569430828,-0.044170133769512177
419,6,16,1.0,0.9983157515525818,0,0,0.0,0.0,0.0,-0.0017028198344632983,0.0017968881875276566,-0.04417010396718979
420,6,17,1.0,0.9983157515525818,0,0,0.0,0.0,0.0,-0.0017028182046487927,0.001796896569430828,-0.0441700704395771
421,6,18,1.0,0.9983157515525818,0,0,0.0,0.0,0.0,-0.0017028242582455277,0.0017968770116567612,-0.04417015612125397
422,6,19,1.0,0.9983157515525818,0,0,0.0,0.0,0.0,-0.001702839625068009,0.001796879805624485,-0.04417014867067337
423,6,20,1.0,0.9983157515525818,0,0,0.0,0.0,0.0,-0.0017028319416567683,0.0017968825995922089,-0.04417014122009277
424,6,21,1.0,0.9983157515525818,0,0,0.0,0.0,0.0,-0.0017028121510520577,0.0017968714237213135,-0.044170085340738297
425,6,22,1.0,0.9983157515525818,0,0,0.0,0.0,0.0,-0.0017028198344632983,0.0017969105392694473,-0.0441700778901577
426,6,23,1.0,0.9983158111572266,0,0,0.0,-1.0,0.0,-0.0017028002766892314,0.0017968770116567612,-0.04417009651660919
427,6,24,1.0,0.9983161091804504,0,0,0.0,0.0,0.0,-0.0014799131313338876,0.0025946616660803556,-0.054002538323402405
428,6,25,1.0,1.0008903741836548,0,0,0.0,0.0,0.0,-0.0016414528945460916,0.0022923778742551804,-0.04170247167348862
429,6,26,1.0,0.9998636841773987,0,0,0.0,0.0,0.0,-0.001455007935874164,0.0029048563446849585,-0.05010930821299553
430,6,27,1.0,1.0006242990493774,0,0,0.0,0.0,0.0,-0.0010049621341750026,0.002476225607097149,-0.04645942151546478
431,6,28,1.0,1.0015486478805542,0,0,0.0,0.0,0.0,-0.0005570614011958241,0.0019217320950701833,-0.046070221811532974
432,6,29,1.0,1.001594066619873,0,0,0.0,0.0,0.0,-0.0005553275113925338,0.0019219140522181988,-0.04594371095299721
433,6,30,1.0,1.001632571220398,0,0,0.0,1.0,0.0,-0.0005557200638577342,0.001703809597529471,-0.043937571346759796
434,6,31,1.0,1.0001022815704346,0,0,0.0,0.0,0.0,-0.0013906190870329738,0.0019388282671570778,-0.04380469396710396
435,6,32,1.0,1.0000314712524414,0,0,0.0,0.0,0.0,-0.0009917287388816476,0.0020435608457773924,-0.044916003942489624
436,6,33,1.0,1.0002371072769165,0,0,0.0,0.0,0.0,-0.001031984225846827,0.0016374292317777872,-0.037783365696668625
437,6,34,1.0,0.9996726512908936,0,0,0.0,0.0,0.0,-0.0017051108879968524,0.002065192209556699,-0.045358169823884964
438,6,35,1.0,0.9993336796760559,0,0,0.0,0.0,0.0,-0.0018119766609743237,0.0021663554944097996,-0.04576908051967621
439,6,36,1.0,0.9981566667556763,0,0,0.0,0.0,0.0,-0.0014218579744920135,0.001923243748024106,-0.04484815150499344
440,6,37,1.0,0.998132586479187,0,0,0.0,0.0,0.0,-0.0014235087437555194,0.0019255224615335464,-0.04500080272555351
441,6,38,1.0,0.9981008172035217,0,0,0.0,0.0,0.0,-0.0017898556543514132,0.001898989430628717,-0.044134899973869324
442,6,39,1.0,0.9980937242507935,0,0,0.0,0.0,0.0,-0.0017888896400108933,0.0019004590576514602,-0.04417971149086952
443,6,40,1.0,0.9981772303581238,0,0,0.0,0.0,0.0,-0.0017274644924327731,0.0018332081381231546,-0.04509296640753746
444,6,41,1.0,0.9981751441955566,0,0,1.0,0.0,0.0,-0.00172681815456599,0.001833737245760858,-0.04510534182190895
445,6,42,1.0,1.0005980730056763,0,0,0.0,0.0,0.0,-0.00177454121876508,0.0020605926401913166,-0.04814622178673744
446,6,43,1.0,1.0028785467147827,0,0,0.0,0.0,0.0,-0.0018312217434868217,0.0020366099197417498,-0.04758809879422188
447,6,44,1.0,1.0011193752288818,0,0,0.0,0.0,0.0,-0.0015667300904169679,0.0021696784533560276,-0.05116327479481697
448,6,45,1.0,1.0010488033294678,0,0,-1.0,0.0,0.0,-0.0019439748721197248,0.0022295836824923754,-0.05200767517089844
449,6,46,1.0,1.002444863319397,0,0,0.0,0.0,0.0,-0.002762420568615198,0.002431885339319706,-0.04827241972088814
450,6,47,1.0,0.9999563097953796,0,0,0.0,0.0,0.0,-0.0016025149961933494,0.00195326772518456,-0.04393962770700455
451,6,48,1.0,0.9991055727005005,0,0,0.0,0.0,0.0,-0.001972939819097519,0.001574413850903511,-0.04451054334640503
452,6,49,1.0,1.000958800315857,0,0,0.0,0.0,0.0,-0.0018800486577674747,0.001567818340845406,-0.04510670527815819
453,6,50,1.0,0.9989513158798218,0,0,0.0,0.0,0.0,-0.00146864156704396,0.0017492136685177684,-0.04321236163377762
454,6,51,1.0,0.9989617466926575,0,0,0.0,0.0,0.0,-0.0014661167515441775,0.0017494824714958668,-0.043180543929338455
455,6,52,1.0,0.9983318448066711,0,0,0.0,0.0,0.0,-0.00149643758777529,0.0020310585387051105,-0.043715234845876694
456,6,53,1.0,0.9983303546905518,0,0,0.0,0.0,0.0,-0.001496734214015305,0.0020302298944443464,-0.04369782656431198
457,6,54,1.0,0.9982747435569763,0,0,0.0,0.0,0.0,-0.0015535413986071944,0.0018018684349954128,-0.04321200028061867
458,6,55,1.0,0.9982739686965942,0,0,0.0,0.0,0.0,-0.001553780515678227,0.0018016695976257324,-0.04320717602968216
459,6,56,1.0,1.0005085468292236,0,0,0.0,0.0,-1.0,-0.001575642148964107,0.0017973053036257625,-0.04358069226145744
460,6,57,1.0,1.0028406381607056,0,0,0.0,0.0,-1.0,-0.0013969073770567775,0.001562868943437934,-0.04441627115011215
461,6,58,1.0,1.0039607286453247,0,0,0.0,0.0,-1.0,-0.002490763086825609,0.0014625678304582834,-0.04440777003765106
462,6,59,1.0,1.0080090761184692,0,0,0.0,0.0,-1.0,-0.0030136331915855408,0.001682304311543703,-0.049796197563409805
463,6,60,1.0,1.0068179368972778,0,0,0.0,0.0,-1.0,-0.002460088115185499,0.0024220929481089115,-0.02547462284564972
464,6,61,1.0,1.0048892498016357,0,0,0.0,0.0,-1.0,-0.0034596575424075127,0.0014230620581656694,-0.030253568664193153
465,6,62,1.0,1.0061625242233276,0,0,0.0,0.0,0.0,-0.003269930835813284,0.0020391070283949375,-0.030805679038167
466,6,63,1.0,1.0067962408065796,0,0,0.0,0.0,0.0,-0.0034013590775430202,0.0022687953896820545,-0.03019069880247116
467,6,64,2.0,1.0076549053192139,1,0,0.0,0.0,0.0,-0.003145786002278328,0.002647923771291971,-0.029417861253023148
468,6,65,2.0,1.0077112913131714,1,0,0.0,0.0,0.0,-0.001675542094744742,0.000751378305722028,0.038475967943668365
469,6,66,2.0,1.007213830947876,1,0,0.0,0.0,0.0,-0.0017167333280667663,0.0012140166945755482,0.09854204207658768
470,6,67,2.0,1.007612943649292,1,0,0.0,0.0,0.0,-0.0027086492627859116,0.0008916666265577078,0.41262587904930115
471,6,68,1.0,1.0012331008911133,0,0,0.0,0.0,0.0,-0.0070017259567976,0.0002691382251214236,0.9218982458114624
472,6,69,1.0,1.0013905763626099,0,0,0.0,0.0,0.0,-0.007561164908111095,-0.0008175514522008598,0.9914764761924744
473,6,70,1.0,1.0018587112426758,0,0,0.0,0.0,1.0,-0.008497892878949642,0.0006584592629224062,1.0458786487579346
474,6,71,1.0,0.9925988912582397,0,0,0.0,0.0,1.0,-0.010307938791811466,-0.000777175126131624,1.1148254871368408
475,6,72,1.0,0.9986439943313599,0,0,0.0,0.0,1.0,-0.010146531276404858,0.00035721983294934034,1.0575892925262451
476,6,73,1.0,1.0073063373565674,0,0,0.0,0.0,1.0,-0.013301406987011433,-0.0007015062146820128,1.0653321743011475
477,6,74,1.0,1.0035688877105713,0,0,0.0,0.0,1.0,-0.0060359458439052105,0.001208759262226522,1.0768413543701172
478,6,75,1.0,1.0006828308105469,0,0,0.0,0.0,1.0,-0.005607760511338711,0.0034257874358445406,1.0488307476043701
479,7,0,1.0,0.9986533522605896,0,0,0.0,0.0,0.0,-0.0014632848324254155,0.0021220152266323566,-0.048137180507183075
480,7,1,1.0,0.9986944198608398,0,0,0.0,0.0,0.0,-0.0014509129105135798,0.002025510184466839,-0.047245293855667114
481,7,2,1.0,0.9977930784225464,0,0,0.0,0.0,0.0,-0.001513626310043037,0.0020241187885403633,-0.046882372349500656
482,7,3,1.0,0.9977973699569702,0,0,0.0,0.0,0.0,-0.0015063908649608493,0.0020245329942554235,-0.046839065849781036
483,7,4,1.0,0.997999906539917,0,0,0.0,0.0,0.0,-0.0017109260661527514,0.0019029673421755433,-0.0452767089009285
484,7,5,1.0,0.9979983568191528,0,0,0.0,0.0,0.0,-0.0017098538810387254,0.0019028078531846404,-0.04526011645793915
485,7,6,1.0,0.9982689619064331,0,0,0.0,0.0,0.0,-0.0015673103043809533,0.001925584045238793,-0.044237200170755386
486,7,7,1.0,0.9982682466506958,0,0,0.0,0.0,0.0,-0.0015672511653974652,0.0019254861399531364,-0.044232022017240524
487,7,8,1.0,0.998473048210144,0,0,0.0,0.0,0.0,-0.001734827528707683,0.0019043587381020188,-0.044294826686382294
488,7,9,1.0,0.9984728097915649,0,0,0.0,0.0,0.0,-0.0017348163528367877,0.0019043139182031155,-0.044293247163295746
489,7,10,1.0,0.9983159303665161,0,0,0.0,0.0,0.0,-0.0017027779249474406,0.0017969413893297315,-0.04417097195982933
490,7,11,1.0,0.9983159303665161,0,0,0.0,0.0,0.0,-0.0017027977155521512,0.0017968937754631042,-0.04417053237557411
491,7,12,1.0,0.9983158111572266,0,0,0.0,0.0,0.0,-0.0017028249567374587,0.001796899363398552,-0.04417039826512337
492,7,13,1.0,0.9983158111572266,0,0,0.0,0.0,0.0,-0.0017028165748342872,0.0017969021573662758,-0.044170282781124115
493,7,14,1.0,0.9983157515525818,0,0,0.0,0.0,0.0,-0.001702814712189138,0.0017968853935599327,-0.04417019337415695
494,7,15,1.0,0.9983157515525818,0,0,0.0,0.0,0.0,-0.001702801906503737,0.001796896569430828,-0.044170133769512177
495,7,16,1.0,0.9983157515525818,0,0,0.0,0.0,0.0,-0.0017028198344632983,0.0017968881875276566,-0.04417010396718979
496,7,17,1.0,0.9983157515525818,0,0,0.0,0.0,0.0,-0.0017028182046487927,0.001796896569430828,-0.0441700704395771
497,7,18,1.0,0.9983157515525818,0,0,0.0,0.0,0.0,-0.0017028242582455277,0.0017968770116567612,-0.04417015612125397
498,7,19,1.0,0.9983157515525818,0,0,0.0,0.0,0.0,-0.001702839625068009,0.001796879805624485,-0.04417014867067337
499,7,20,1.0,0.9983157515525818,0,0,0.0,0.0,0.0,-0.0017028319416567683,0.0017968825995922089,-0.04417014122009277
500,7,21,1.0,0.9983157515525818,0,0,0.0,0.0,0.0,-0.0017028121510520577,0.0017968714237213135,-0.044170085340738297
501,7,22,1.0,0.9983157515525818,0,0,0.0,0.0,0.0,-0.0017028198344632983,0.0017969105392694473,-0.0441700778901577
502,7,23,1.0,0.9983158111572266,0,0,0.0,0.0,0.0,-0.0017028002766892314,0.0017968770116567612,-0.04417009651660919
503,7,24,1.0,0.9994977712631226,0,0,1.0,0.0,0.0,-0.001769010559655726,0.001791754039004445,-0.04591141268610954
504,7,25,1.0,1.002522349357605,0,0,0.0,0.0,0.0,-0.0019140300573781133,0.0017039692029356956,-0.047128912061452866
505,7,26,1.0,1.0020672082901,0,0,0.0,0.0,0.0,-0.00238113384693861,0.0025264504365622997,-0.050439924001693726
506,7,27,1.0,1.0011240243911743,0,0,0.0,0.0,0.0,-0.0019308862974867225,0.001985394163057208,-0.05473484471440315
507,7,28,1.0,1.0021721124649048,0,0,0.0,0.0,0.0,-0.001864960533566773,0.00200253794901073,-0.05121578276157379
508,7,29,1.0,1.0019876956939697,0,0,0.0,0.0,0.0,-0.0018596869194880128,0.0020903535187244415,-0.05102768540382385
509,7,30,1.0,1.001582145690918,0,0,0.0,0.0,0.0,-0.0021235733292996883,0.0018688925774767995,-0.0504361167550087
510,7,31,1.0,1.001578688621521,0,0,0.0,0.0,0.0,-0.0021254494786262512,0.0018688114359974861,-0.0504583865404129
511,7,32,1.0,1.0019832849502563,0,0,0.0,0.0,0.0,-0.0020559015683829784,0.0020079941023141146,-0.05097769945859909
512,7,33,1.0,1.001983880996704,0,0,0.0,0.0,0.0,-0.0020562000572681427,0.0020081507973372936,-0.050987549126148224
513,7,34,1.0,1.0020008087158203,0,0,0.0,0.0,0.0,-0.0021374658681452274,0.0020869409199804068,-0.051333051174879074
514,7,35,1.0,1.002001166343689,0,0,0.0,0.0,0.0,-0.0021374719217419624,0.0020870473235845566,-0.05133650079369545
515,7,36,1.0,1.002089262008667,0,0,0.0,0.0,0.0,-0.0022137854248285294,0.0021142747718840837,-0.05184496194124222
516,7,37,1.0,1.0020893812179565,0,0,0.0,0.0,0.0,-0.0022138189524412155,0.0021143504418432713,-0.05184602737426758
517,7,38,1.0,1.002323865890503,0,0,0.0,0.0,0.0,-0.0021851048804819584,0.0021014001686125994,-0.05157170444726944
518,7,39,1.0,1.002323865890503,0,0,0.0,0.0,-1.0,-0.0021851323544979095,0.0021014169324189425,-0.051572054624557495
519,7,40,1.0,1.0050303936004639,0,0,0.0,0.0,-1.0,-0.0025894008576869965,0.0024032217916101217,-0.043080247938632965
520,7,41,1.0,1.0019727945327759,0,0,0.0,0.0,-1.0,-0.0036711078137159348,0.0033055010717362165,-0.03549392521381378
521,7,42,1.0,0.9981144070625305,0,0,0.0,0.0,-1.0,-0.0031114150770008564,0.00300801289267838,-0.018979337066411972
522,7,43,1.0,1.0006879568099976,0,0,0.0,0.0,-1.0,-0.002754815388470888,0.0010401237523183227,-0.044075969606637955
523,7,44,1.0,1.0062446594238281,0,0,0.0,0.0,-1.0,-0.003016868606209755,0.0021236836910247803,-0.023650135844945908
524,7,45,1.0,1.0063047409057617,0,0,0.0,0.0,-1.0,-0.002887967973947525,0.001698233070783317,-0.020754104480147362
525,7,46,1.0,1.0068514347076416,0,0,0.0,0.0,0.0,-0.0025504506193101406,0.001928456244058907,-0.014082400128245354
526,7,47,1.0,1.0064667463302612,0,0,0.0,0.0,0.0,-0.0025026267394423485,0.0018763055559247732,-0.015661338344216347
527,7,48,1.0,1.006845235824585,0,0,0.0,0.0,0.0,-0.002780626527965069,0.00181798473931849,-0.010942023247480392
528,7,49,1.0,1.0068439245224,0,0,0.0,0.0,0.0,-0.002778898924589157,0.00181750045157969,-0.010924302972853184
529,7,50,1.0,1.006942629814148,0,0,0.0,0.0,0.0,-0.0026596738025546074,0.0014785974053665996,-0.009175179526209831
530,7,51,1.0,1.0069423913955688,0,0,0.0,0.0,0.0,-0.0026594926603138447,0.0014784405939280987,-0.009174266830086708
531,7,52,1.0,1.0072627067565918,0,0,0.0,0.0,0.0,-0.0028323507867753506,0.001434861682355404,-0.007963444106280804
532,7,53,1.0,1.0072625875473022,0,0,0.0,0.0,0.0,-0.002832233440130949,0.0014347077812999487,-0.00796254351735115
533,7,54,1.0,1.0074033737182617,0,0,0.0,0.0,0.0,-0.0028906119987368584,0.0014121022541075945,-0.00784810446202755
534,7,55,1.0,1.0074031352996826,0,0,0.0,0.0,0.0,-0.0028905230574309826,0.0014119511470198631,-0.007847164757549763
535,7,56,2.0,1.0067135095596313,1,0,0.0,0.0,0.0,-0.0025378242135047913,0.0015902250306680799,-0.010600622743368149
536,7,57,2.0,1.003566026687622,1,0,0.0,0.0,0.0,-0.002348314505070448,0.0015738119836896658,0.04179739952087402
537,7,58,2.0,1.0063707828521729,1,0,0.0,0.0,0.0,-0.0012617286993190646,0.0016331936931237578,0.10363492369651794
538,7,59,2.0,1.006759762763977,1,0,0.0,0.0,0.0,-0.0024165422655642033,0.0015738287474960089,0.24714574217796326
539,7,60,2.0,1.0018631219863892,1,0,0.0,0.0,0.0,-0.001086925039999187,0.0012893719831481576,0.3695533573627472
540,7,61,1.0,1.003469705581665,0,0,0.0,0.0,0.0,-0.0005662472685799003,0.0027651418931782246,0.6246656775474548
541,7,62,1.0,1.000641107559204,0,0,0.0,0.0,0.0,-0.009709779173135757,0.001138988882303238,0.9626814723014832
542,7,63,1.0,1.0005340576171875,0,0,0.0,0.0,0.0,-0.009907640516757965,0.0009933507535606623,0.9637770056724548
543,7,64,1.0,1.0019102096557617,0,0,0.0,0.0,0.0,-0.009514566510915756,0.002457833383232355,0.9917787909507751
544,7,65,1.0,1.001265525817871,0,0,0.0,0.0,0.0,-0.009500629268586636,0.0022672838531434536,0.9930270910263062
545,7,66,1.0,1.003534197807312,0,0,0.0,0.0,1.0,-0.009558157995343208,0.0008595346589572728,1.0015305280685425
546,7,67,1.0,1.003491997718811,0,0,0.0,0.0,1.0,-0.011972949840128422,0.001291356747969985,1.02716863155365
547,7,68,1.0,1.0020947456359863,0,0,0.0,0.0,1.0,-0.007685523480176926,-0.0004454021982382983,1.0276674032211304
548,7,69,1.0,0.9957596063613892,0,0,0.0,0.0,1.0,-0.010527842678129673,0.0008351011201739311,1.024957537651062
549,7,70,1.0,1.0040427446365356,0,0,0.0,0.0,1.0,-0.005864317528903484,0.002406522398814559,0.9523637294769287
550,7,71,1.0,0.9953226447105408,0,0,0.0,0.0,1.0,-0.010238497518002987,0.0036970616783946753,0.9545301198959351
551,8,0,1.0,0.9986533522605896,0,0,0.0,0.0,0.0,-0.0014632848324254155,0.0021220152266323566,-0.048137180507183075
552,8,1,1.0,0.9986944198608398,0,0,0.0,0.0,0.0,-0.0014509129105135798,0.002025510184466839,-0.047245293855667114
553,8,2,1.0,0.9977930784225464,0,0,0.0,0.0,0.0,-0.001513626310043037,0.0020241187885403633,-0.046882372349500656
554,8,3,1.0,0.9977973699569702,0,0,0.0,0.0,0.0,-0.0015063908649608493,0.0020245329942554235,-0.046839065849781036
555,8,4,1.0,0.997999906539917,0,0,0.0,0.0,0.0,-0.0017109260661527514,0.0019029673421755433,-0.0452767089009285
556,8,5,1.0,0.9979983568191528,0,0,0.0,0.0,0.0,-0.0017098538810387254,0.0019028078531846404,-0.04526011645793915
557,8,6,1.0,0.9982689619064331,0,0,0.0,0.0,0.0,-0.0015673103043809533,0.001925584045238793,-0.044237200170755386
558,8,7,1.0,0.9982682466506958,0,0,0.0,0.0,0.0,-0.0015672511653974652,0.0019254861399531364,-0.044232022017240524
559,8,8,1.0,0.998473048210144,0,0,0.0,0.0,0.0,-0.001734827528707683,0.0019043587381020188,-0.044294826686382294
560,8,9,1.0,0.9984728097915649,0,0,0.0,0.0,0.0,-0.0017348163528367877,0.0019043139182031155,-0.044293247163295746
561,8,10,1.0,0.9983159303665161,0,0,0.0,0.0,0.0,-0.0017027779249474406,0.0017969413893297315,-0.04417097195982933
562,8,11,1.0,0.9983159303665161,0,0,0.0,0.0,0.0,-0.0017027977155521512,0.0017968937754631042,-0.04417053237557411
563,8,12,1.0,0.9983158111572266,0,0,0.0,0.0,0.0,-0.0017028249567374587,0.001796899363398552,-0.04417039826512337
564,8,13,1.0,0.9983158111572266,0,0,0.0,0.0,0.0,-0.0017028165748342872,0.0017969021573662758,-0.044170282781124115
565,8,14,1.0,0.9983157515525818,0,0,0.0,0.0,0.0,-0.001702814712189138,0.0017968853935599327,-0.04417019337415695
566,8,15,1.0,0.9983157515525818,0,0,0.0,0.0,0.0,-0.001702801906503737,0.001796896569430828,-0.044170133769512177
567,8,16,1.0,0.9983157515525818,0,0,0.0,0.0,0.0,-0.0017028198344632983,0.0017968881875276566,-0.04417010396718979
568,8,17,1.0,0.9983157515525818,0,0,0.0,0.0,0.0,-0.0017028182046487927,0.001796896569430828,-0.0441700704395771
569,8,18,1.0,0.9983157515525818,0,0,0.0,0.0,0.0,-0.0017028242582455277,0.0017968770116567612,-0.04417015612125397
570,8,19,1.0,0.9983157515525818,0,0,0.0,0.0,0.0,-0.001702839625068009,0.001796879805624485,-0.04417014867067337
571,8,20,1.0,0.9983157515525818,0,0,0.0,0.0,0.0,-0.0017028319416567683,0.0017968825995922089,-0.04417014122009277
572,8,21,1.0,0.9983157515525818,0,0,0.0,0.0,0.0,-0.0017028121510520577,0.0017968714237213135,-0.044170085340738297
573,8,22,1.0,1.0000746250152588,0,0,0.0,0.0,-1.0,-0.0015205034287646413,0.00199065706692636,-0.04590490460395813
574,8,23,1.0,1.0023903846740723,0,0,0.0,0.0,-1.0,-0.0013454448198899627,0.001737811602652073,-0.0437319353222847
575,8,24,1.0,1.0035243034362793,0,0,0.0,0.0,-1.0,-0.0026806225068867207,0.001541623962111771,-0.04530583694577217
576,8,25,1.0,1.007188081741333,0,0,0.0,0.0,-1.0,-0.0029363916255533695,0.001553812762722373,-0.05220691114664078
577,8,26,1.0,1.0077024698257446,0,0,0.0,0.0,-1.0,-0.002512679435312748,0.0025759192649275064,-0.025568952783942223
578,8,27,1.0,1.0066368579864502,0,0,0.0,0.0,-1.0,-0.0024902294389903545,0.0016100031789392233,-0.0335254892706871
579,8,28,1.0,1.0062100887298584,0,0,0.0,0.0,-1.0,-0.0031475075520575047,0.002241397276520729,-0.03154781088232994
580,8,29,1.0,1.006557583808899,0,0,0.0,0.0,0.0,-0.0031458414159715176,0.002359239850193262,-0.030336208641529083
581,8,30,1.0,1.0062057971954346,0,0,0.0,0.0,0.0,-0.0029979385435581207,0.002625867025926709,-0.027024079114198685
582,8,31,1.0,1.006200909614563,0,0,0.0,0.0,0.0,-0.0029957457445561886,0.0026235939003527164,-0.026979569345712662
583,8,32,1.0,1.0071221590042114,0,0,0.0,0.0,0.0,-0.002879326231777668,0.0023736709263175726,-0.02524573542177677
584,8,33,1.0,1.0071216821670532,0,0,0.0,0.0,0.0,-0.0028791530057787895,0.002373508643358946,-0.025242844596505165
585,8,34,1.0,1.007534146308899,0,0,0.0,0.0,0.0,-0.002733618952333927,0.0023543548304587603,-0.024582894518971443
586,8,35,1.0,1.0075337886810303,0,0,0.0,0.0,0.0,-0.0027335532940924168,0.0023542819544672966,-0.024581175297498703
587,8,36,1.0,1.007729172706604,0,0,0.0,0.0,0.0,-0.0026947823353111744,0.0023756586015224457,-0.022614117711782455
588,8,37,2.0,1.0077286958694458,1,0,0.0,0.0,0.0,-0.0026947916485369205,0.0023755996953696012,-0.02261224575340748
589,8,38,2.0,1.0099973678588867,1,0,0.0,0.0,0.0,-0.0019504419760778546,0.0010536338668316603,0.052670955657958984
590,8,39,2.0,1.0083659887313843,1,0,0.0,0.0,0.0,-0.0029518441297113895,0.0007413142593577504,0.0914875939488411
591,8,40,2.0,1.0027512311935425,1,0,0.0,0.0,0.0,-0.002908914815634489,0.0012537379516288638,0.5258744955062866
592,8,41,2.0,1.0043808221817017,1,0,0.0,0.0,0.0,-0.005692909937351942,0.0013470096746459603,0.7602152824401855
593,8,42,1.0,1.0007002353668213,0,0,0.0,0.0,0.0,-0.008012751117348671,-0.0003681656380649656,1.0035617351531982
594,8,43,1.0,1.0026458501815796,0,0,0.0,0.0,0.0,-0.008841827511787415,4.481904397835024e-05,1.0164098739624023
595,8,44,1.0,1.000680923461914,0,0,0.0,0.0,0.0,-0.008377313613891602,0.0010459270561113954,1.0211454629898071
596,8,45,1.0,1.0030015707015991,0,0,0.0,0.0,0.0,-0.00851554237306118,0.0009148992248810828,1.0412791967391968
597,8,46,1.0,0.9995725154876709,0,0,0.0,0.0,0.0,-0.008370416238904,-0.001356155495159328,1.0607789754867554
598,8,47,1.0,1.0013022422790527,0,0,0.0,0.0,0.0,-0.008732232265174389,-0.0008188532083295286,1.053967833518982
599,8,48,1.0,1.0003825426101685,0,0,0.0,0.0,1.0,-0.009369900450110435,-0.0010307988850399852,1.0674633979797363
600,8,49,1.0,1.0000778436660767,0,0,0.0,0.0,1.0,-0.009439200162887573,-0.0013825121568515897,1.0978546142578125
601,8,50,1.0,1.0015699863433838,0,0,0.0,0.0,1.0,-0.01023747120052576,-0.0011897006770595908,1.0530859231948853
602,8,51,1.0,1.0011483430862427,0,0,0.0,0.0,1.0,-0.013018862344324589,-0.0007230451446957886,1.0943522453308105
603,8,52,1.0,1.002320408821106,0,0,0.0,0.0,1.0,-0.005930797662585974,0.0003439728752709925,1.065974235534668
604,8,53,1.0,1.0010950565338135,0,0,0.0,0.0,1.0,-0.004658153746277094,0.00372522696852684,1.027795672416687
605,9,0,1.0,0.9986533522605896,0,0,0.0,0.0,0.0,-0.0014632848324254155,0.0021220152266323566,-0.048137180507183075
606,9,1,1.0,0.9986944198608398,0,0,0.0,0.0,0.0,-0.0014509129105135798,0.002025510184466839,-0.047245293855667114
607,9,2,1.0,0.9977930784225464,0,0,0.0,0.0,0.0,-0.001513626310043037,0.0020241187885403633,-0.046882372349500656
608,9,3,1.0,0.9977973699569702,0,0,0.0,0.0,0.0,-0.0015063908649608493,0.0020245329942554235,-0.046839065849781036
609,9,4,1.0,0.997999906539917,0,0,0.0,0.0,0.0,-0.0017109260661527514,0.0019029673421755433,-0.0452767089009285
610,9,5,1.0,0.9979983568191528,0,0,0.0,0.0,0.0,-0.0017098538810387254,0.0019028078531846404,-0.04526011645793915
611,9,6,1.0,0.9982689619064331,0,0,0.0,0.0,0.0,-0.0015673103043809533,0.001925584045238793,-0.044237200170755386
612,9,7,1.0,0.9982682466506958,0,0,0.0,0.0,0.0,-0.0015672511653974652,0.0019254861399531364,-0.044232022017240524
613,9,8,1.0,0.998473048210144,0,0,0.0,0.0,0.0,-0.001734827528707683,0.0019043587381020188,-0.044294826686382294
614,9,9,1.0,0.9984728097915649,0,0,0.0,0.0,0.0,-0.0017348163528367877,0.0019043139182031155,-0.044293247163295746
615,9,10,1.0,0.9983159303665161,0,0,0.0,0.0,0.0,-0.0017027779249474406,0.0017969413893297315,-0.04417097195982933
616,9,11,1.0,0.9983159303665161,0,0,0.0,0.0,0.0,-0.0017027977155521512,0.0017968937754631042,-0.04417053237557411
617,9,12,1.0,0.9983158111572266,0,0,0.0,0.0,0.0,-0.0017028249567374587,0.001796899363398552,-0.04417039826512337
618,9,13,1.0,0.9983158111572266,0,0,0.0,0.0,0.0,-0.0017028165748342872,0.0017969021573662758,-0.044170282781124115
619,9,14,1.0,0.9983157515525818,0,0,0.0,0.0,0.0,-0.001702814712189138,0.0017968853935599327,-0.04417019337415695
620,9,15,1.0,0.9983157515525818,0,0,0.0,0.0,0.0,-0.001702801906503737,0.001796896569430828,-0.044170133769512177
621,9,16,1.0,0.9983157515525818,0,0,0.0,0.0,0.0,-0.0017028198344632983,0.0017968881875276566,-0.04417010396718979
622,9,17,1.0,0.9983157515525818,0,0,0.0,0.0,0.0,-0.0017028182046487927,0.001796896569430828,-0.0441700704395771
623,9,18,1.0,0.9983157515525818,0,0,0.0,0.0,0.0,-0.0017028242582455277,0.0017968770116567612,-0.04417015612125397
624,9,19,1.0,0.9983157515525818,0,0,0.0,0.0,0.0,-0.001702839625068009,0.001796879805624485,-0.04417014867067337
625,9,20,1.0,0.9983157515525818,0,0,0.0,0.0,0.0,-0.0017028319416567683,0.0017968825995922089,-0.04417014122009277
626,9,21,1.0,0.9983157515525818,0,0,0.0,0.0,0.0,-0.0017028121510520577,0.0017968714237213135,-0.044170085340738297
627,9,22,1.0,0.9983157515525818,0,0,0.0,0.0,0.0,-0.0017028198344632983,0.0017969105392694473,-0.0441700778901577
628,9,23,1.0,0.9983158111572266,0,0,0.0,0.0,0.0,-0.0017028002766892314,0.0017968770116567612,-0.04417009651660919
629,9,24,1.0,0.9986863732337952,0,0,0.0,0.0,0.0,-0.001734336488880217,0.0018447614274919033,-0.04321620613336563
630,9,25,1.0,0.9986863732337952,0,0,1.0,0.0,0.0,-0.0017343390500172973,0.0018447530455887318,-0.04321617633104324
631,9,26,1.0,1.00104820728302,0,0,0.0,0.0,0.0,-0.0019988869316875935,0.0020777196623384953,-0.05016225948929787
632,9,27,1.0,1.003004789352417,0,0,0.0,0.0,0.0,-0.001959668006747961,0.001985657261684537,-0.04935726150870323
633,9,28,1.0,1.0011448860168457,0,0,0.0,0.0,0.0,-0.0015835632802918553,0.002100232755765319,-0.05171889811754227
634,9,29,1.0,1.0010713338851929,0,0,0.0,0.0,0.0,-0.00196223147213459,0.0021681725047528744,-0.05254162475466728
635,9,30,1.0,1.0021007061004639,0,0,0.0,0.0,0.0,-0.0019765635952353477,0.0020337544847279787,-0.05143628641963005
636,9,31,1.0,1.0019203424453735,0,0,0.0,0.0,0.0,-0.0020282738842070103,0.0021400717087090015,-0.051399119198322296
637,9,32,1.0,1.001639723777771,0,0,0.0,0.0,0.0,-0.0021515381522476673,0.0019791009835898876,-0.0510413683950901
638,9,33,1.0,1.0016393661499023,0,0,0.0,0.0,0.0,-0.002152408007532358,0.0019790141377598047,-0.051055360585451126
639,9,34,1.0,1.0017693042755127,0,0,0.0,0.0,0.0,-0.002145395614206791,0.0020750742405653,-0.05161347612738609
640,9,35,1.0,1.0017696619033813,0,0,0.0,0.0,0.0,-0.002145573031157255,0.0020751694682985544,-0.051619451493024826
641,9,36,1.0,1.0018973350524902,0,0,0.0,0.0,0.0,-0.0022199847735464573,0.00220007193274796,-0.05153203755617142
642,9,37,1.0,1.0018975734710693,0,0,0.0,0.0,0.0,-0.002219980116933584,0.002200122456997633,-0.05153389647603035
643,9,38,1.0,1.0019841194152832,0,0,0.0,0.0,0.0,-0.0021273214370012283,0.002048571826890111,-0.051918454468250275
644,9,39,1.0,1.0019841194152832,0,0,0.0,0.0,0.0,-0.0021273582242429256,0.0020486251451075077,-0.05191892012953758
645,9,40,1.0,1.0023237466812134,0,0,0.0,0.0,0.0,-0.0021851365454494953,0.00210142252035439,-0.0515720434486866
646,9,41,1.0,1.002323865890503,0,0,0.0,0.0,0.0,-0.002185157034546137,0.002101461635902524,-0.05157234147191048
647,9,42,1.0,1.0021251440048218,0,0,0.0,0.0,0.0,-0.0021830452606081963,0.002051424467936158,-0.05128302052617073
648,9,43,1.0,1.0021251440048218,0,0,-1.0,0.0,0.0,-0.002183102536946535,0.0020514861680567265,-0.051283180713653564
649,9,44,1.0,1.0021392107009888,0,0,0.0,0.0,0.0,-0.002627267502248287,0.0019000727916136384,-0.04655328020453453
650,9,45,1.0,1.0001977682113647,0,0,0.0,0.0,0.0,-0.0019164480036124587,0.0017004474066197872,-0.04560359939932823
651,9,46,1.0,0.9991755485534668,0,0,0.0,0.0,0.0,-0.0018224666127935052,0.0014374064048752189,-0.04282931238412857
652,9,47,1.0,1.0005351305007935,0,0,0.0,0.0,0.0,-0.0016475518932566047,0.0014505637809634209,-0.042838696390390396
653,9,48,1.0,0.9995189905166626,0,0,0.0,0.0,0.0,-0.0016360388835892081,0.0018707318231463432,-0.0429297536611557
654,9,49,1.0,0.9995254874229431,0,0,0.0,0.0,0.0,-0.0016349692596122622,0.0018699284410104156,-0.04289153590798378
655,9,50,1.0,0.9985976219177246,0,0,0.0,0.0,0.0,-0.0014685370260849595,0.0019372605020180345,-0.04341384023427963
656,9,51,1.0,0.9985966682434082,0,0,0.0,0.0,0.0,-0.0014686099020764232,0.0019367678323760629,-0.0433967150747776
657,9,52,1.0,0.9999496936798096,0,0,0.0,0.0,-1.0,-0.0014234442496672273,0.0018150005489587784,-0.044888030737638474
658,9,53,1.0,1.0028191804885864,0,0,0.0,0.0,-1.0,-0.0012850739294663072,0.0018785366555675864,-0.042230360209941864
659,9,54,1.0,1.003556489944458,0,0,0.0,0.0,-1.0,-0.002571103163063526,0.0015714296605437994,-0.044903215020895004
660,9,55,1.0,1.0071930885314941,0,0,0.0,0.0,-1.0,-0.0032287584617733955,0.001624949392862618,-0.04479055851697922
661,9,56,1.0,1.0066500902175903,0,0,0.0,0.0,-1.0,-0.0023771943524479866,0.002439071424305439,-0.025092441588640213
662,9,57,1.0,1.006027102470398,0,0,0.0,0.0,-1.0,-0.003164528403431177,0.0015638571931049228,-0.02808975800871849
663,9,58,1.0,1.0060994625091553,0,0,0.0,0.0,-1.0,-0.0032564643770456314,0.002223374554887414,-0.028479067608714104
664,9,59,1.0,1.006837248802185,0,0,0.0,0.0,0.0,-0.0032598553225398064,0.0023284039925783873,-0.02709992416203022
665,9,60,1.0,1.006365180015564,0,0,0.0,0.0,0.0,-0.002876443788409233,0.0028212876059114933,-0.02476002275943756
666,9,61,1.0,1.0063608884811401,0,0,0.0,0.0,0.0,-0.0028743818402290344,0.002819543471559882,-0.02471785433590412
667,9,62,2.0,1.00858473777771,1,0,0.0,0.0,0.0,-0.0030229580588638783,0.0021514876279979944,-0.023893078789114952
668,9,63,2.0,1.0095462799072266,1,0,0.0,0.0,0.0,-0.0016188957961276174,0.0007440829067490995,0.050100039690732956
669,9,64,2.0,1.0071368217468262,1,0,0.0,0.0,0.0,-0.002014902886003256,0.0016327709890902042,0.10573142766952515
670,9,65,2.0,1.0069215297698975,1,0,0.0,0.0,0.0,-0.002769229467958212,0.0007811279501765966,0.3870791792869568
671,9,66,2.0,1.0009101629257202,1,0,0.0,0.0,0.0,-0.0063506243750452995,-0.0001075769032468088,0.9105361104011536
672,9,67,1.0,1.0005501508712769,0,0,0.0,0.0,0.0,-0.007010892033576965,-0.0011101881973445415,1.000481128692627
673,9,68,1.0,1.0045216083526611,0,0,0.0,0.0,0.0,-0.008795798756182194,0.00044003009679727256,1.043495774269104
674,9,69,1.0,1.0053733587265015,0,0,0.0,0.0,1.0,-0.008618630468845367,0.0002534081577323377,1.053612232208252
675,9,70,1.0,0.9979761838912964,0,0,0.0,0.0,1.0,-0.008488362655043602,-0.0020709673408418894,1.0860328674316406
676,9,71,1.0,0.998159646987915,0,0,0.0,0.0,1.0,-0.008935770019888878,-0.0010772779351100326,1.0555622577667236
677,9,72,1.0,1.0043809413909912,0,0,0.0,0.0,1.0,-0.008234774693846703,-2.60459964920301e-05,1.0760021209716797
678,9,73,1.0,1.0034406185150146,0,0,0.0,0.0,1.0,-0.006517314352095127,0.002661033533513546,1.0682355165481567
679,9,74,1.0,1.002698302268982,0,0,0.0,0.0,1.0,-0.0038940836675465107,0.002676696516573429,1.047655701637268
